product_id,handle,title,globo_option_sets,our_builder
9436232810835,a-little-bit-of-crazy-personalised-pebble-picture,Personalised Pebble Picture Gift — A Little Bit of Crazy | Unique Friendship or Fun Gift UK,"768990,882542",daisy-pebble-picture.js data-daisy-pebble-picture
9436233138515,always-forever-personalised-pebble-artwork,Personalised Couple Pebble Picture Gift — Always & Forever | Wedding Anniversary Gift UK,768344,daisy-pebble-picture.js data-daisy-pebble-picture
9436227109203,always-forever-personalised-street-sign,Personalised Street Sign Gift — Always & Forever | Wedding Anniversary Couple Present UK,768156,daisy-always-forever-street-sign.js
9436233302355,always-my-sister-personalised-pebble-picture,Personalised Sister Pebble Picture Gift — Always My Sister | Sister Birthday Present UK,882791,daisy-pebble-picture.js data-daisy-pebble-picture
9436233367891,beach-proposal-personalised-pebble-picture-gift,Personalised Engagement Pebble Picture Gift — Beach Proposal | Unique Engagement Gift UK,768208,daisy-pebble-picture.js data-daisy-pebble-picture
9436233466195,beach-wedding-personalised-pebble-picture,Personalised Wedding Pebble Picture Gift — Beach Wedding | Unique Wedding Day Gift UK,882712,daisy-pebble-picture.js data-daisy-pebble-picture
9436233728339,beside-you-personalised-pebble-artwork,Personalised Couple Pebble Picture Gift — Beside You | Romantic Anniversary Gift UK,873562,daisy-pebble-picture.js data-daisy-pebble-picture
9436212429139,birthday-blossom-tree-personalised-pebble-picture,Personalised Birthday Pebble Picture Gift — Blossom Tree | Unique Birthday Present UK,773423,daisy-pebble-picture.js data-daisy-pebble-picture
9436234318163,couple-love-tree-personalised-pebble-picture-6-colour-options,Personalised Couple Pebble Picture Gift — Love Tree | Unique Anniversary or Wedding Gift UK,768290,daisy-pebble-picture.js data-daisy-pebble-picture
9436235071827,dad-grandad-simple-moments-personalised-pebble-picture,Personalised Dad Grandad Pebble Picture Gift — Simple Moments | Father's Day Birthday Present UK,770027,daisy-pebble-picture.js data-daisy-pebble-picture
9436235366739,dad-grandpa-premium-quality-bottle-opener,"Dad/Grandpa 'Premium Quality' Personalised, Oak Veneer Bottle Opener Gift",769782,daisy-heart-builder.js data-daisy-heart-builder
9436237529427,engagement-proposal-love-tree-personalised-pebble-picture-copy,Personalised Engagement Pebble Picture Gift — Love Tree | Engagement or Proposal Present UK,"768233,882709",daisy-pebble-picture.js data-daisy-pebble-picture
9436237693267,engagement-proposal-personalised-pebble-artwork,Personalised Engagement Pebble Picture Gift — Unique Couple Gift | Engagement Present UK,768208,daisy-pebble-picture.js data-daisy-pebble-picture
9436237791571,everything-to-me-personalised-pebble-artwork,Personalised Couple Pebble Picture Gift — Everything to Me | Romantic Anniversary Gift UK,768326,daisy-pebble-picture.js data-daisy-pebble-picture
9705618571603,family-blossom-tree-personalised-pebble-picture-gift-2,Family Blossom Tree Personalised Pebble Picture Gift,882600,daisy-pebble-picture.js data-daisy-pebble-picture
9436238152019,family-flutterby-blossom-tree-personalised-pebble-picture-copy,Personalised Family Pebble Picture Gift — Flutterby Blossom Tree | Unique Family Home Gift UK,882600,daisy-pebble-picture.js data-daisy-pebble-picture
9436228845907,family-personalised-street-sign,Personalised Family Street Sign Gift — Custom Family Name Sign | Personalised Home Gift UK,"769260,892323",daisy-family-street-sign.js
9436228321619,family-sleigh-personalised-christmas-street-sign,Personalised Christmas Street Sign Gift — Family Sleigh | Personalised Family Xmas Present,768126,data-native-legacy-sign
9436239659347,family-swing-personalised-pebble-picture,Personalised Family Pebble Picture Gift — Family Swing | Unique Family Home Present UK,882600,daisy-pebble-picture.js data-daisy-pebble-picture
9436228714835,family-village-personalised-christmas-street-sign,Personalised Christmas Street Sign Gift — Family Village | Personalised Family Xmas Present,768122,data-native-legacy-sign
9436239692115,family-walk-in-the-park-personalised-pebble-picture,Personalised Family Pebble Picture Gift — Walk In The Park | Unique Family Home Gift UK,882722,daisy-pebble-picture.js data-daisy-pebble-picture
9436228976979,first-christmas-as-mummy-daddy-to-personalised-pebble-hanging-heart,"""First Christmas As Mummy & Daddy to...."" Personalised Pebble Hanging Heart",903474,daisy-heart-builder.js data-daisy-heart-builder
9436229108051,first-christmas-as-nanny-grandad-to-personalised-pebble-hanging-heart,"""First Christmas As Nanny & Grandad to...."" Personalised Pebble Hanging Heart",892436,daisy-heart-builder.js data-daisy-heart-builder
9436240511315,graduation-personalised-pebble-picture,Personalised Graduation Pebble Picture Gift — Unique Graduation or Leaving Present UK,873078,daisy-pebble-picture.js data-daisy-pebble-picture
9436240642387,grandparent-flutterby-blossom-tree-personalised-pebble-picture,Personalised Grandparent Pebble Picture Gift — Flutterby Blossom Tree | Nan Grandad Present UK,882645,daisy-pebble-picture.js data-daisy-pebble-picture
9436229304659,grandparent-garden-personalised-street-sign,Personalised Grandparent Gift Street Sign — Garden Sign for Nan & Grandad | Personalised Present,892429,daisy-grandparent-garden.js
9436240871763,grandparent-personalised-pebble-sketch-picture,Personalised Grandparent Pebble Sketch Picture Gift — Unique Nan Grandad Birthday Present UK,882645,daisy-pebble-picture.js data-daisy-pebble-picture
9436241461587,heart-strings-personalised-pebble-artwork,Personalised Couple Pebble Picture Gift — Heart Strings | Romantic Anniversary Gift UK,884152,daisy-pebble-picture.js data-daisy-pebble-picture
9436229697875,home-personalised-street-sign,Personalised Street Sign Gift — Home | New Home Housewarming or Moving Present UK,892527,daisy-home-street-sign.js
9436241690963,home-sweet-home-personalised-pebble-picture,Personalised New Home Pebble Picture Gift — Home Sweet Home | Housewarming Moving Present UK,768981,daisy-pebble-picture.js data-daisy-pebble-picture
9436229796179,house-rules-personalised-street-sign,Personalised Family House Rules Street Sign Gift — Unique Home or Family Present UK,892532,daisy-house-rules-street-sign.js
9436229992787,im-sexy-i-mow-it-personalised-street-sign-2,Personalised Funny Garden Street Sign Gift — I'm Sexy & I Mow It | Dad or Gardener Present,892544,daisy-mow-it-options.js
9436230418771,kitchen-personalised-street-sign,Personalised Street Sign Gift — Create Your Own Custom Text | Unique Personalised Present UK,892545,daisy-create-own-street-sign.js
9702132711763,mr-mrs-personalised-street-sign-gift,Personalised Mr & Mrs Street Sign Gift — Wedding Anniversary or Couple Present UK,1094165,daisy-street-sign-cart-model.js daisy-street-sign-options.js data-daisy-street-options
9436243624275,mum-flutterby-blossom-tree-personalised-pebble-picture,Personalised Mum Pebble Picture Gift — Flutterby Blossom Tree | Mum Birthday Mother's Day Present UK,882645,daisy-pebble-picture.js data-daisy-pebble-picture
9436243689811,mum-hands-hearts-personalised-pebble-picture,Personalised Mum Pebble Picture Gift — Hands & Hearts | Mum Birthday Mother's Day Present UK,768353,daisy-pebble-picture.js data-daisy-pebble-picture
9436244738387,mum-nanny-our-world-personalised-pebble-artwork,Personalised Mum Nan Pebble Picture Gift — Our World | Mum Birthday Mother's Day Present UK,768946,daisy-pebble-picture.js data-daisy-pebble-picture
9436243755347,mum-personalised-pebble-sketch-picture,Personalised Mum Grandparent Pebble Picture Gift — Unique Mum Nan Birthday Present UK,882645,daisy-pebble-picture.js data-daisy-pebble-picture
9436245524819,new-home-personalised-pebble-picture,Personalised New Home Pebble Picture Gift — Unique Housewarming Moving Present UK,"768934,882690",daisy-pebble-picture.js data-daisy-pebble-picture
9436245721427,on-your-christening-personalised-pebble-picture,Personalised Christening Pebble Picture Gift — On Your Christening Day | Unique Christening Present UK,872908,daisy-pebble-picture.js data-daisy-pebble-picture
9436245754195,on-your-wedding-day-family-personalised-pebble-picture-gift,Personalised Family Wedding Pebble Picture Gift — On Your Wedding Day | Unique Wedding Gift UK,768240,daisy-pebble-picture.js data-daisy-pebble-picture
9436239397203,our-world-family-personalised-pebble-artwork,Personalised Family Pebble Picture Gift — Our World | Unique Family Home Gift UK,768946,daisy-pebble-picture.js data-daisy-pebble-picture
9436260335955,personalised-1st-christmas-new-home-pebble-hanging-heart,"Personalised ""1st Christmas New Home"" Pebble Hanging Heart",769919,daisy-heart-builder.js data-daisy-heart-builder
9702091096403,personalised-1st-mothers-day-street-sign-gift-copy,Personalised 1st Mother's Day Street Sign Gift — First Mother's Day Present for New Mum,881772,daisy-first-mothers-day-street-sign.js
9436246802771,personalised-all-you-do-for-me-pebble-hanging-heart,Personalised 'All You Do For Me' Pebble Hanging Heart Gift,769850,daisy-heart-builder.js data-daisy-heart-builder
9436247294291,personalised-always-and-forever-hanging-heart,Personalised Couple Always & Forever Pebble Hanging Heart Gift | Unique Wedding Anniversary Present UK,869614,daisy-heart-builder.js data-daisy-heart-builder
9436246868307,personalised-always-forever-pebblescape,Personalised Couple Pebblescape Gift — Always & Forever | Romantic Anniversary Wedding Gift UK,770062,daisy-heart-builder.js data-daisy-heart-builder
9436247327059,personalised-always-my-sister-hanging-heart,Personalised 'Always My Sister' Pebble Hanging Heart Gift,869747,daisy-heart-builder.js data-daisy-heart-builder
9436247458131,personalised-anniversary-pebble-people-hanging-heart,Personalised 'Anniversary' Pebble People Hanging Heart Gift,882049,daisy-heart-builder.js data-daisy-heart-builder
9436265546067,personalised-anniversary-pebble-people-hanging-heart-copy,Personalised Couple Wedding Pebble Hanging Heart Gift — Unique Wedding Anniversary Present UK,769153,daisy-heart-builder.js data-daisy-heart-builder
9436247556435,personalised-bbq-grill-hanging-sign,Personalised 'BBQ & Grill' Hanging Sign Gift,769787,daisy-heart-builder.js data-daisy-heart-builder
9436247621971,personalised-beach-proposal-pebble-hanging-heart-gift,Personalised 'Beach Proposal' Pebble Hanging Heart Gift,870294,daisy-heart-builder.js data-daisy-heart-builder
9436247753043,personalised-beach-wedding-pebble-hanging-heart-2,Personalised 'Beach Wedding' Pebble Hanging Heart Gift,891696,daisy-heart-builder.js data-daisy-heart-builder
9436263285075,personalised-birthday-pebble-hanging-heart,Personalised Birthday Pebble Hanging Heart Gift,769928,daisy-heart-builder.js data-daisy-heart-builder
9436264268115,personalised-christening-pebble-hanging-heart,Personalised Christening Pebble Hanging Heart Gift,769877,daisy-heart-builder.js data-daisy-heart-builder
9436248834387,personalised-christening-pebblescape,Personalised Christening Pebblescape Gift — Unique Christening or New Baby Present UK,772442,daisy-heart-builder.js data-daisy-heart-builder
9436267086163,personalised-christmas-street-sign,Personalised Family Christmas Street Sign Gift — Festive Family Name | Personalised Xmas Decoration,769265,data-native-legacy-sign
9436261777747,personalised-couple-valentines-edition-pebble-hanging-heart,Personalised Couple Love Is An Invisible Thread Pebble Hanging Heart Gift | Unique Wedding Anniversary Present UK,769885,daisy-heart-builder.js data-daisy-heart-builder
9436248965459,personalised-create-your-own-football-stadium-street-sign,Personalised Football Gift Street Sign — Create Your Own Stadium Sign | Football Fan Present UK,768127,daisy-create-own-football.js
10054873022803,personalised-create-your-own-usa-road-sign,Personalised USA Street Sign Gift — Create Your Own Custom Road Sign | American Style Present,1187430,daisy-create-own-usa-road-sign.js
9436265611603,personalised-dads-bar-london-street-sign,Personalised Dad Gift Street Sign — Bar & Grill BBQ Sign | Father's Day or Birthday Present,767526,daisy-dad-bar-grill.js
9436261024083,personalised-dog-remembrance-christmas-tree-decoration-pebble-hanging-heart,"Personalised ""Pet Remembrance"" Christmas Pebble Hanging Heart Gift",903511,daisy-heart-builder.js data-daisy-heart-builder
9436272787795,personalised-dog-remembrance-pebble-people-hanging-heart,Personalised Pet Remembrance Pebble People Hanging Heart Gift,769817,daisy-heart-builder.js data-daisy-heart-builder
9436264300883,personalised-elf-arrival-postcard-with-optional-elf-toy,"Personalised Elf Arrival Postcard, Christmas Elf Welcome Letter, Optional Plush Elf Friend",769294,daisy-heart-builder.js data-daisy-heart-builder
9436250702163,personalised-engagement-pebble-hanging-heart,Personalised 'Engagement' Pebble Hanging Heart Gift,769165,daisy-heart-builder.js data-daisy-heart-builder
9683146342739,personalised-engagement-pebble-hanging-heart-gift-copy,Personalised 'Love at Christmas' Engagement/Proposal Christmas Pebble Heart Hanging Decoration,903531,daisy-heart-builder.js data-daisy-heart-builder
9436250603859,personalised-engagement-swing-pebblescape,Personalised Engagement Pebblescape Gift — Swing Design | Unique Engagement or Proposal Gift UK,772441,daisy-heart-builder.js data-daisy-heart-builder
9436266365267,personalised-everything-to-me-pebble-hanging-heart,Personalised Couple Everything To Me Pebble Hanging Heart Gift | Unique Wedding Anniversary Present UK,769887,daisy-heart-builder.js data-daisy-heart-builder
9436250767699,personalised-everything-to-me-pebblescape,Personalised Couple Pebblescape Gift — Everything To Me | Romantic Anniversary Gift UK,891620,daisy-heart-builder.js data-daisy-heart-builder
9436250898771,personalised-family-blossom-tree-pebble-hanging-heart,Personalised 'Family Blossom Tree' Pebble Hanging Heart Gift,903519,daisy-heart-builder.js data-daisy-heart-builder
9436251193683,personalised-family-blossom-tree-pebblescape,Personalised Family Pebblescape Gift — Blossom Tree | Unique Family Home Gift UK,891629,daisy-heart-builder.js data-daisy-heart-builder
9436251357523,personalised-family-by-the-sea-pebblescape,Personalised Family Pebblescape Gift — By The Sea | Unique Family Home or Holiday Gift UK,891636,daisy-heart-builder.js data-daisy-heart-builder
9436266529107,personalised-family-christmas-pebble-hanging-heart,Personalised Family Christmas Pebble Hanging Heart Gift,769919,daisy-heart-builder.js data-daisy-heart-builder
9436251849043,personalised-family-festive-christmas-pebble-star-hanging-decoration,Personalised 'Family Festive' Christmas Pebble Star Hanging Decoration,769231,daisy-heart-builder.js data-daisy-heart-builder
9436266922323,personalised-family-pebble-hanging-heart,Personalised Family Pebble Hanging Heart Gift,769919,daisy-heart-builder.js data-daisy-heart-builder
9436252045651,personalised-family-swing-pebblescape,Personalised Family Pebblescape Gift — Family Swing | Unique Family Home Gift UK,891645,daisy-heart-builder.js data-daisy-heart-builder
9436265447763,personalised-flutterby-blossom-tree-pebble-hanging-heart-6-colours,Personalised Couple Love Tree Pebble Hanging Heart Gift — 6 Colours | Wedding Anniversary Gift UK,769889,daisy-heart-builder.js data-daisy-heart-builder
9436267610451,personalised-football-stadium-street-sign-copy,Personalised Football Stadium Street Sign Gift — Pick Your Team | Football Fan Present UK,768071,daisy-football-stadium.js
9436252406099,personalised-forever-friends-pebble-hanging-heart,Personalised 'Forever Friends' Pebble Hanging Heart Gift,883458,daisy-heart-builder.js data-daisy-heart-builder
9436269150547,personalised-friendship-pebble-hanging-heart,Personalised Friendship Pebble Hanging Heart Gift,892535,daisy-heart-builder.js data-daisy-heart-builder
9436269216083,personalised-golden-wedding-anniversary-pebble-people-hanging-heart,Personalised Golden Wedding Anniversary Pebble People Hanging Heart Gift,903538,daisy-heart-builder.js data-daisy-heart-builder
9436269314387,personalised-graduation-pebble-hanging-heart,Personalised Graduation Pebble Hanging Heart Gift,769927,daisy-heart-builder.js data-daisy-heart-builder
9436252930387,personalised-grandparent-blossom-tree-hanging-heart,Personalised 'Grandparent Blossom Tree' Pebble Hanging Heart Gift,769181,daisy-heart-builder.js data-daisy-heart-builder
9436269347155,personalised-guardian-angel-remembrance-pebble-people-hanging-heart,Personalised Guardian Angel Remembrance Pebble People Hanging Heart Gift,769281,daisy-heart-builder.js data-daisy-heart-builder
9436269445459,personalised-halloween-street-sign,Personalised Halloween Street Sign Gift — Custom Personalised Halloween Home Decoration,768102,daisy-halloween-street-sign.js
9436269936979,personalised-hello-baby-pebble-hanging-heart,Personalised Hello Baby Pebble Hanging Heart Gift,869636,daisy-heart-builder.js data-daisy-heart-builder
10093071597907,personalised-holiday-usa-style-street-sign,Personalised Holiday Street Sign Gift — Custom Destination Sign | Unique Travel or Holiday Present,1196844,daisy-holiday-street-sign.js
9436253389139,personalised-home-is-our-happy-place-pebblescape,Personalised Home Pebblescape Gift — Home Is Our Happy Place | Unique Housewarming Gift UK,891648,daisy-heart-builder.js data-daisy-heart-builder
10602280878419,personalised-laser-cut-acrylic-bbq-grill-sign-gift-copy,Personalised Laser Cut BBQ Sign,1487823,daisy-heart-builder.js data-daisy-heart-builder
9436266824019,personalised-little-moments-pebblescape,Personalised Family Flutterby Pebblescape Gift — Unique Family Home Gift UK,891659,daisy-heart-builder.js data-daisy-heart-builder
9436271116627,personalised-london-street-sign,Personalised London Street Sign Gift — Custom London Street Name | Unique London Present UK,768070,daisy-london-street-sign.js
9683125469523,personalised-love-at-christmas-christmas-family-pebble-heart-hanging-decoration,Personalised 'Love at Christmas' Christmas Family Pebble Heart Hanging Decoration,903522,daisy-heart-builder.js data-daisy-heart-builder
9683167445331,personalised-love-at-christmas-christmas-wedding-pebble-heart-hanging-decoration,Personalised 'Love at Christmas' Christmas Wedding Pebble Heart Hanging Decoration,891699,daisy-heart-builder.js data-daisy-heart-builder
9436261843283,personalised-merry-bright-family-christmas-pebble-hanging-decoration,"Personalised ""Merry & Bright"" Family Christmas Pebble Hanging Decoration",903420,daisy-heart-builder.js data-daisy-heart-builder
9436271247699,personalised-mr-mrs-christmas-wedding-pebble-people-hanging-heart,Personalised Mr & Mrs Christmas Wedding Pebble People Hanging Heart Gift,891409,daisy-heart-builder.js data-daisy-heart-builder
9436254175571,personalised-mr-mrs-first-christmas-street-sign,Personalised First Christmas Street Sign Gift — Mr & Mrs | Newlywed Christmas Present,728788,data-native-legacy-sign
9436254896467,personalised-mum-blossom-tree-hanging-heart,Personalised 'Mum Blossom Tree' Pebble Hanging Heart Gift,769181,daisy-heart-builder.js data-daisy-heart-builder
9436271280467,personalised-mum-pebble-hanging-heart,Personalised Mum Pebble Hanging Heart Gift,892445,daisy-heart-builder.js data-daisy-heart-builder
9436262170963,personalised-my-1st-christmas-babys-1st-christmas-pebble-hanging-heart,"Personalised ""My 1st Christmas"" Baby's 1st Christmas Pebble Hanging Heart",769931,daisy-heart-builder.js data-daisy-heart-builder
9436255060307,personalised-my-galentine-street-sign-gift,Personalised Galentine Street Sign Gift — My Galentine | Best Friend Valentine's Day Present,891669,daisy-galentine-street-sign.js
9436255158611,personalised-my-valentine-street-sign,Personalised Valentine's Day Street Sign Gift — My Valentine | Romantic Gift for Him or Her,869247,daisy-valentine-street-sign.js
9436272066899,personalised-new-baby-pebble-hanging-heart-3-colours,Personalised New Baby Pebble Hanging Heart Gift (3 colours),769929,daisy-heart-builder.js data-daisy-heart-builder
9436255289683,personalised-new-baby-stalk-hanging-heart,Personalised 'New Baby Stork' Pebble Hanging Heart Gift,769917,daisy-heart-builder.js data-daisy-heart-builder
9436255846739,personalised-new-home-our-home-pebble-hanging-heart,Personalised 'New Home/Our Home' Pebble Hanging Heart Gift,769908,daisy-heart-builder.js data-daisy-heart-builder
9436272197971,personalised-new-home-pebble-hanging-heart,Personalised New Home Pebble Hanging Heart Gift,769919,daisy-heart-builder.js data-daisy-heart-builder
9436262367571,personalised-our-1st-christmas-together-hanging-heart,"Personalised ""Our 1st Christmas Together"" Hanging Heart",892399,daisy-heart-builder.js data-daisy-heart-builder
9436255879507,personalised-our-family-street-sign-mothers-day-gift,Personalised Mother's Day Street Sign Gift — Our Family | Mum Nanny Nan Present UK,"891671,1387275",daisy-our-family-mothers-day-sign.js
9436272886099,personalised-pets-1st-christmas-pebble-hanging-heart,Personalised Pet's 1st Christmas Pebble Hanging Heart,903514,daisy-heart-builder.js data-daisy-heart-builder
9436272918867,personalised-rainbow-teacher-pebble-people-hanging-heart,Personalised Teacher Rainbow Pebble People Hanging Heart Gift — Unique End of Year Present UK,769881,daisy-rainbow-heart-options.js
9436262596947,personalised-remembrance-christmas-pebble-hanging-heart,"Personalised ""Remembrance"" Christmas Pebble Hanging Heart",769924,daisy-heart-builder.js data-daisy-heart-builder
9436256567635,personalised-retirement-street-sign-gift,Personalised Retirement Street Sign Gift — Unique Retirement or Leaving Present UK,892324,daisy-retirement-street-sign.js
9436272951635,personalised-robins-remembrance-outdoor-pebble-people-hanging,Personalised Robins Remembrance Outdoor Pebble People Hanging Heart Decoration,769932,daisy-heart-builder.js data-daisy-heart-builder
9436273017171,personalised-ruby-wedding-anniversary-pebble-people-hanging-heart,Personalised Ruby Wedding Anniversary Pebble People Hanging Heart Gift,903539,daisy-heart-builder.js data-daisy-heart-builder
9436273246547,personalised-silver-wedding-anniversary-pebble-people-hanging-heart,Personalised Silver Wedding Anniversary Pebble People Hanging Heart Gift,903544,daisy-heart-builder.js data-daisy-heart-builder
9436273344851,personalised-sister-pebble-hanging-heart,Personalised Sister Pebble Hanging Heart Gift,892447,daisy-heart-builder.js data-daisy-heart-builder
10426355056979,personalised-street-sign-gift,Personalised Mother's Day Street Sign Gift for Mum or Nanny — Personalised Mum Present UK,1395520,data-native-legacy-sign
9707965776211,personalised-teacher-pebble-people-hanging-heart-gift-new,Personalised Teacher Pebble People Hanging Heart Gift — Unique End of Year Teacher Present UK,984827,daisy-teacher-heart-cart-model.js daisy-teacher-heart-options.js data-daisy-teacher-heart data-daisy-teacher-heart-config
9956444373331,personalised-teacher-street-sign,Personalised Teacher Street Sign Gift — End of Year | Thank You Teacher Present UK,1089992,daisy-teacher-street-sign.js
9436274983251,personalised-teacher-teaching-assistant-superhero-keyring,Personalised Teacher Superhero Minifigure Keyring Gift — Unique End of Year Teacher Present UK,772537,daisy-heart-builder.js data-daisy-heart-builder
9436275704147,personalised-thank-you-pebble-people-hanging-heart,Personalised Thank You Teacher Pebble People Hanging Heart Gift — Unique End of Year Present UK,892437,daisy-heart-builder.js data-daisy-heart-builder
9436276097363,personalised-traditional-road-sign,Personalised Traditional Road Sign Gift,768151,daisy-traditional-road-sign.js
9436247392595,personalised-true-friends-pebblescape,Personalised Sister Pebblescape Gift — Always My Sister | Sister Birthday or Friendship Gift UK,882887,daisy-heart-builder.js data-daisy-heart-builder
9436257681747,personalised-true-friends-pebblescape-2,Personalised Friendship Pebblescape Gift — True Friends | Unique Best Friend Present UK,891654,daisy-heart-builder.js data-daisy-heart-builder
9436276326739,personalised-vintage-style-train-sign-gift,Personalised Vintage Style Train Sign Gift,768163,daisy-vintage-train-sign.js
9436260139347,personalised-wedding-love-tree-pebble-hanging-heart-copy,Personalised 'Wedding Love Tree' Pebble Hanging Heart Gift,903529,daisy-heart-builder.js data-daisy-heart-builder
9436276982099,personalised-wedding-pebble-people-hanging-heart,Personalised Wedding Pebble People Hanging Heart Gift,884260,daisy-wedding-heart-options.js
9436250505555,personalised-wedding-swing-pebblescape,Personalised Engagement Pebblescape Gift — Love Tree | Unique Engagement or Proposal Present UK,770062,daisy-heart-builder.js data-daisy-heart-builder
9436262629715,personalised-wonderland-family-christmas-pebble-hanging-heart,"Personalised ""Wonderland"" Family Christmas Pebble Hanging Decoration",769285,daisy-heart-builder.js data-daisy-heart-builder
9436231795027,santa-stop-here-personalised-christmas-street-sign,Personalised Christmas Street Sign Gift — Santa Stop Here | Personalised Family Xmas Present,768116,data-native-legacy-sign
9436283699539,simple-moments-personalised-pebble-picture,Personalised Pebble Picture Gift — Simple Moments | Unique Birthday or Special Occasion Gift UK,770027,daisy-pebble-picture.js data-daisy-pebble-picture
10054789792083,spooky-kooky-sign,Personalised Halloween Street Sign Gift — Spooky Kooky | Funny Halloween Home Decoration,1186861,data-native-legacy-sign
9436224684371,thank-you-teacher-personalised-pebble-picture,Personalised Thank You Teacher Pebble Picture Gift — End of Year | Unique Teacher Present UK,770055,daisy-teacher-pebble.js
9436232089939,this-way-to-the-wedding-personalised-street-sign,Personalised Wedding Street Sign Gift — This Way to the I Do's | Wedding Day Venue Sign,768144,daisy-idos-street-sign.js
9436288975187,to-the-moon-back-personalised-pebble-artwork,Personalised Pebble Artwork Gift — To The Moon & Back | Unique Romantic or Family Gift UK,768367,daisy-pebble-picture.js data-daisy-pebble-picture
9436289073491,true-friends-personalised-pebble-picture,Personalised Friendship Pebble Picture Gift — True Friends | Unique Best Friend Present UK,882796,daisy-pebble-picture.js data-daisy-pebble-picture
10018999730515,tuscany-wedding-order-of-the-day-board,Personalised Wedding Order of the Day — Tuscany Style | Wedding Reception Stationery UK,"1167032,1181692","daisy-ootd-cart-model.js daisy-ootd-options.js id=""dm-ootd-mount"""
9436289663315,wedding-church-personalised-pebble-picture,Personalised Wedding Church Pebble Picture Gift — Unique Wedding Day Present UK,767508,daisy-pebble-picture.js data-daisy-pebble-picture
9436245819731,wedding-flower-arch-personalised-pebble-picture,Personalised Wedding Pebble Picture Gift — On Your Wedding Day | Unique Wedding Day Present UK,767508,daisy-pebble-picture.js data-daisy-pebble-picture
10011612086611,wedding-order-of-the-day-board,Personalised Wedding Order of the Day — Riviera Style | Wedding Reception Stationery UK,"1156040,1182233","daisy-ootd-cart-model.js daisy-ootd-options.js id=""dm-ootd-mount"""
9436289827155,wedding-swing-personalised-pebble-picture,Personalised Wedding Swing Pebble Picture Gift — Unique Wedding Day Gift UK,882712,daisy-pebble-picture.js data-daisy-pebble-picture
9436225667411,wise-woman-street-sign,Wise Woman' Street Sign,872852,daisy-wise-woman-street-sign.js
9436226322771,yes-day-personalised-street-sign,Personalised Engagement Street Sign Gift — Yes Day | Newly Engaged Couple Present UK,892326,daisy-yes-day-street-sign.js
