option_set_id,decision,products_mapped,native_products,globo_dependent_products,inactive_products,first_labels
769978,DELETE (no product still needs it),35,0,0,35,Heart 1 | Size of heart | Colour of heart | **INCREDIBLE OFFER** Buy a second decoration for just £6.95
769974,DELETE (no product still needs it),13,0,0,13,Heart 1 | Size of heart | Colour of heart | Name to appear
881165,DELETE (no product still needs it),11,0,0,11,Group
1150941,KEEP for now,11,0,5,6,Group
1092427,KEEP for now,9,0,9,0,Group
772689,KEEP for now,8,0,8,0,Group
1187443,DELETE (no product still needs it),8,0,0,8,Group
1030492,KEEP for now,7,0,7,0,Group
767508,EDIT — remove the native products,4,2,2,0,Group
768208,EDIT — remove the native products,4,2,2,0,Group
769919,DELETE (no product still needs it),4,4,0,0,"Heart 1 | Number of pebble people (max 8 inc pets) | Size of heart | Now, personalise me..."
882600,EDIT — remove the native products,4,3,1,0,Group
882645,DELETE (no product still needs it),4,4,0,0,Group
1155191,KEEP for now,4,0,3,1,Group
1242452,KEEP for now,4,0,4,0,Group
768389,KEEP for now,3,0,3,0,Group
768946,EDIT — remove the native products,3,2,1,0,Group
769976,DELETE (no product still needs it),3,0,0,3,Group
869247,DELETE (no product still needs it),3,1,0,2,Group
880925,DELETE (no product still needs it),3,0,0,3,Bracelet 1 | Charm | Stretch Bracelet Colour | Size
882712,EDIT — remove the native products,3,2,1,0,Group
882722,EDIT — remove the native products,3,1,2,0,Group
1091055,KEEP for now,3,0,1,2,Group
1155333,KEEP for now,3,0,1,2,Group
768233,EDIT — remove the native products,2,1,1,0,Group
882709,EDIT — remove the native products,2,1,1,0,Group
768898,KEEP for now,2,0,2,0,Group
768932,KEEP for now,2,0,1,1,Group
768934,EDIT — remove the native products,2,1,1,0,Group
882690,EDIT — remove the native products,2,1,1,0,Group
768938,KEEP for now,2,0,2,0,Group
769019,KEEP for now,2,0,2,0,"Picture 1 | Frame Colour | Now, personalise me... | Personalisation below angel"
769181,DELETE (no product still needs it),2,2,0,0,Group
769927,DELETE (no product still needs it),2,1,0,1,Heart 1 | Size of heart | Message to appear on left side of heart | Message to appear on right side of heart
769957,DELETE (no product still needs it),2,0,0,2,Heart 1 | Size of heart | Colour of heart | Name to appear after Love You..
769960,DELETE (no product still needs it),2,0,0,2,Coaster 1 | Colour of Coaster | Name to appear after Love You.. | **INCREDIBLE OFFER** Buy a second coaster for just £5.95!
770027,DELETE (no product still needs it),2,2,0,0,Picture 1 | Frame Colour | Wording above pebbles? | Personalisation to appear above pebble characters
770062,DELETE (no product still needs it),2,2,0,0,Pebblescape 1 | Size of Pebblescape | Text to appear at top of picture | Date to appear within love tree
772441,EDIT — remove the native products,2,1,1,0,Pebblescape 1 | Size of Pebblescape | Text to appear at top of picture | Names to appear at bottom of picture
772646,DELETE (no product still needs it),2,0,0,2,Animal 1 | Choose your animal | Number of otters (Get a 2nd one for just £4!) | Number of bears (Get a 2nd one for just £4!)
772661,KEEP for now,2,0,2,0,Decoration 1 | Choose your Decoration shape | Names to appear above 2025 | **INCREDIBLE OFFER** Buy a second one for just £6
772692,KEEP for now,2,0,2,0,Group
872880,KEEP for now,2,0,2,0,Group
883380,KEEP for now,2,0,2,0,Group
1155185,DELETE (no product still needs it),2,1,0,1,Group
1155194,KEEP for now,2,0,1,1,Group
1183653,DELETE (no product still needs it),2,0,0,1,Group
728788,DELETE (no product still needs it),1,1,0,0,Street sign 1 | Size of street sign | Text to appear after 'Our first Christmas as...' | Text to appear in small font below
882717,KEEP for now,1,0,1,0,Group
767521,DELETE (no product still needs it),1,0,0,1,Group
767526,DELETE (no product still needs it),1,1,0,0,Group
768070,DELETE (no product still needs it),1,1,0,0,Group
768071,DELETE (no product still needs it),1,1,0,0,Group
768102,DELETE (no product still needs it),1,1,0,0,Group
768106,KEEP for now,1,0,1,0,Group
768114,KEEP for now,1,0,1,0,Group
768116,DELETE (no product still needs it),1,1,0,0,Group
768122,DELETE (no product still needs it),1,1,0,0,Group
768126,DELETE (no product still needs it),1,1,0,0,Group
768127,DELETE (no product still needs it),1,1,0,0,Group
768144,DELETE (no product still needs it),1,1,0,0,Group
768151,DELETE (no product still needs it),1,1,0,0,Group
768156,DELETE (no product still needs it),1,1,0,0,Group
768158,DELETE (no product still needs it),1,0,0,1,Sign 1 | Colour of sign | Personalisation text line 1 (large font) | Text to appear underneath
768163,DELETE (no product still needs it),1,1,0,0,Group
768240,DELETE (no product still needs it),1,1,0,0,Group
768288,KEEP for now,1,0,1,0,Group
768290,DELETE (no product still needs it),1,1,0,0,Group
768326,DELETE (no product still needs it),1,1,0,0,Group
768335,KEEP for now,1,0,1,0,Picture 1 | Frame Colour | Change wording above pebbles? | New wording...
768344,DELETE (no product still needs it),1,1,0,0,Group
768353,DELETE (no product still needs it),1,1,0,0,Picture 1 | Frame Colour | Name to appear in heart | Text to appear beneath pebble people Line 1
768367,DELETE (no product still needs it),1,1,0,0,Group
768411,KEEP for now,1,0,1,0,Group
768434,KEEP for now,1,0,1,0,Group
768442,KEEP for now,1,0,1,0,Group
768448,KEEP for now,1,0,1,0,Group
768916,KEEP for now,1,0,1,0,Group
768923,KEEP for now,1,0,1,0,Group
768981,DELETE (no product still needs it),1,1,0,0,Group
768988,KEEP for now,1,0,1,0,Group
768990,DELETE (no product still needs it),1,1,0,0,Picture 1 | Frame Colour | Family name to appear on print | No. of pebble characters (If you wish to have dogs/cats in your picture please include these in the total number of pebble characters!)
882542,DELETE (no product still needs it),1,1,0,0,Group
769006,KEEP for now,1,0,1,0,Group
769012,KEEP for now,1,0,1,0,Group
769021,KEEP for now,1,0,1,0,Group
769038,DELETE (no product still needs it),1,0,0,1,Group
769046,DELETE (no product still needs it),1,0,0,1,Keyring 1 | Engraved initial letter to appear |  Full name to appear | **INCREDIBLE OFFER** Buy a second keyring for just £4.95
769051,KEEP for now,1,0,1,0,Group
769063,DELETE (no product still needs it),1,0,0,1,Number plate 1 | Country Code to appear bottom left | Country Flag/Symbol | Large text to appear on number plate (please enter exact letters/numbers as you wish to be shown)
769070,KEEP for now,1,0,1,0,Group
769153,DELETE (no product still needs it),1,1,0,0,Heart 1 | Size of heart | Message to appear on left side of heart | Message to appear on right side of heart
769165,DELETE (no product still needs it),1,1,0,0,Heart 1 | Size of heart | Date to appear above pebble people | Text to appear below pebble people (Line 1)
769176,KEEP for now,1,0,1,0,Board 1 | Date established | Names to appear on board | **INCREDIBLE OFFER** Buy a second one for just £14.95
769194,DELETE (no product still needs it),1,0,0,1,Decoration 1 | Number of names to appear | Name 1 | Name 2
769215,DELETE (no product still needs it),1,0,0,1,Decoration 1 | Keep 'Mr & Mrs'? | Titles to appear | Surname to appear
769228,DELETE (no product still needs it),1,0,0,1,Decoration 1 | Name to appear after 'Our 1st christmas with' | Keep 2025 below | Text 16
769231,KEEP for now,1,0,1,0,"Decoration 1 | Number of pebble people (max 8 inc pets) | Size of star | Now, personalise me..."
769260,DELETE (no product still needs it),1,1,0,0,Group
892323,DELETE (no product still needs it),1,1,0,0,Group
769265,DELETE (no product still needs it),1,1,0,0,Group
769281,DELETE (no product still needs it),1,1,0,0,Heart 1 | Size of heart | Number of angels | Name(s) to appear at the top
769285,DELETE (no product still needs it),1,1,0,0,"Decoration 1 | Number of pebble people (max 8 inc pets) | Size of decoration | Now, personalise me..."
769294,DELETE (no product still needs it),1,1,0,0,Postcard 1 | Name of child or children to appear at the top | Name of Elf to appear at the bottom | Name/address to appear on the left
769298,KEEP for now,1,0,1,0,Decoration 1 | Teacher name to appear at the top | 'Love from' message to appear below | **INCREDIBLE OFFER** Buy a second one for just £5
769303,KEEP for now,1,0,1,0,Keyring 1 | Teacher name to appear | **INCREDIBLE OFFER** Buy a second one for just £2 | Keyring 2
769307,KEEP for now,1,0,1,0,Bookmark 1 | Teacher name to appear | Message to appear below | **INCREDIBLE OFFER** Buy a second one for just £3.95
769308,KEEP for now,1,0,1,0,Bookmark 1 | Bookmark design | Teacher name to appear | Message to appear at the bottom
769708,KEEP for now,1,0,1,0,Bookmark 1 | Select colour | Teacher name to appear | Message to appear at the bottom
769715,DELETE (no product still needs it),1,0,0,1,Coaster 1 | Teacher's name to appear at top of coaster | Message to appear at the bottom of coaster | **INCREDIBLE OFFER** Buy a second one for just £5.95!
769727,DELETE (no product still needs it),1,0,0,1,Coaster 1 | Message to appear at the bottom of coaster | **INCREDIBLE OFFER** Buy a second one for just £5.95! | Coaster 2
769739,KEEP for now,1,0,1,0,Heart 1 | Select type of flower (see image for options) | Flower Name | Text to appear beneath flower
769742,KEEP for now,1,0,1,0,Decoration 1 | Teacher's name to appear at top | Personalised message to appear | Love from message
769747,DELETE (no product still needs it),1,0,0,1,Coaster 1 | Name to appear on shirt | **INCREDIBLE OFFER** Buy a second coaster for just £5.95 | Coaster 2
769750,DELETE (no product still needs it),1,0,0,1,Door hanger 1 | Keep Dad? | New name to appear | Message to appear at the bottom of hanger
769752,KEEP for now,1,0,1,0,"Door hanger 1 | Message to appear at the bottom of hanger | **INCREDIBLE OFFER** Buy a second hanger for just £10,95 | Door hanger 2"
769758,DELETE (no product still needs it),1,0,0,1,Coaster 1 | Name to appear after 'Probably the best..' | Names to appear after 'Happy Father's Day Love From..' | **INCREDIBLE OFFER** Buy a second coaster for just £5.95
769761,DELETE (no product still needs it),1,0,0,1,Coaster 1 | Name to appear after 'perfect'... |  Message to appear at the bottom | **INCREDIBLE OFFER** Buy a second coaster for just £5.95
769766,DELETE (no product still needs it),1,0,0,1,Coaster 1 | Occasion to appear after 'All I got for...' | **INCREDIBLE OFFER** Buy a second coaster for just £5.95 | Coaster 2
769768,DELETE (no product still needs it),1,0,0,1,Coaster 1 | Name to appear after 'note from' | Name of recipient to appear in centre | **INCREDIBLE OFFER** Buy a second coaster for just £5.95
769774,DELETE (no product still needs it),1,0,0,1,Coaster 1 | Name to appear at top | Names to follow 'Reviewed by...' | **INCREDIBLE OFFER** Buy a second coaster for just £5.95
769775,DELETE (no product still needs it),1,0,0,1,Coaster 1 | Name to appear at top | Message to appear at the bottom | **INCREDIBLE OFFER** Get a second coaster for just £5.95
769779,DELETE (no product still needs it),1,0,0,1,Coaster 1 | Names to appear at top | Name definition | **INCREDIBLE OFFER** Buy a second coaster for just £5.95!
769782,DELETE (no product still needs it),1,1,0,0,Group
769787,DELETE (no product still needs it),1,1,0,0,Sign 1 | Sign colour | Name to appear above | Personalisation to appear beneath
769791,KEEP for now,1,0,1,0,Sign 1 | Sign colour | Name to appear above | Personalisation to appear beneath
769795,KEEP for now,1,0,1,0,Sign 1 | Sign colour | Name to appear on line 1 | Large text to appear in the centre
769800,DELETE (no product still needs it),1,0,0,1,Group
769804,KEEP for now,1,0,1,0,Sign 1 | Name to appear before 'Greenhouse' | **INCREDIBLE OFFER** Buy a second greenhouse sign for just £9.95 | Sign 2
769807,KEEP for now,1,0,1,0,Sign 1 | Text to appear in large | Text to appear beneath | **INCREDIBLE OFFER** Buy a second laser cut sign for just £19.95
769811,KEEP for now,1,0,1,0,Sign 1 | Text to appear in large | Year established | **INCREDIBLE OFFER** Buy a second laser cut sign for just £19.95
769814,KEEP for now,1,0,1,0,Sign 1 | Text to appear in large | **INCREDIBLE OFFER** Buy a second laser cut sign for just £24.95 | Sign 2
769817,DELETE (no product still needs it),1,1,0,0,Heart 1 | Size of heart | Choose pet | Message to appear on left side of heart
769826,KEEP for now,1,0,1,0,Plaque 1 | Colour of plaque | Name to appear after 'Cheers to' | Number of Characters (people/pets)
769843,KEEP for now,1,0,1,0,"Plaque 1 | Colour of plaque | Name to appear before 'Without us, you wouldn't need a beer' | Number of Characters (people/pets)"
769844,KEEP for now,1,0,1,0,Plaque 1 | Colour of plaque | Name to appear before 'Charging Station!' | Text to appear beneath '...Charging Station!'
769850,DELETE (no product still needs it),1,1,0,0,Group
769856,DELETE (no product still needs it),1,0,0,1,Bottle 1 | Name to appear before 'TIME' | Personalisation to appear at bottom | **INCREDIBLE OFFER** Buy a second one for just £16
769861,DELETE (no product still needs it),1,0,0,1,Bottle 1 | Name to appear before 'get your top off!' | **INCREDIBLE OFFER** Buy a second one for just £16 | Bottle 2
769864,KEEP for now,1,0,1,0,Bottle 1 | Name to appear before number | Number to appear below name | Personalisation to appear at bottom
769869,KEEP for now,1,0,1,0,Decoration 1 | Size of heart | Name to appear at the top | Name to appear at the bottom
903237,KEEP for now,1,0,1,0,Decoration 1 | Size of heart | Name to appear at the top | Name to appear at the bottom
769873,DELETE (no product still needs it),1,0,0,1,Decoration 1 | Size of heart | Name to appear at the top | **INCREDIBLE OFFER** Buy a second heart for just £5!
769874,KEEP for now,1,0,1,0,Plaque 1 | Colour of plaque | Initials to appear | Marriage title
769877,DELETE (no product still needs it),1,1,0,0,"Heart 1 | Number of pebble people (max 8 inc pets) | Size of heart | Now, personalise me..."
769881,DELETE (no product still needs it),1,1,0,0,Group
769885,DELETE (no product still needs it),1,1,0,0,Heart 1 | Size of heart | Message to appear on left side of heart | Message to appear on right side of heart
769887,DELETE (no product still needs it),1,1,0,0,Heart 1 | Size of heart | Names to appear on heart | **INCREDIBLE OFFER** Buy a second one for just £10.95
769889,DELETE (no product still needs it),1,1,0,0,Heart 1 | Size of heart | Tree colour |  Text to appear above pebble people
769905,KEEP for now,1,0,1,0,"Decoration 1 | Number of pebble people (max 8 inc pets) | Size of Decoration | Now, personalise me..."
769908,DELETE (no product still needs it),1,1,0,0,Heart 1 | No. of pebble characters  | Size of heart | Pebble 1
769917,DELETE (no product still needs it),1,1,0,0,Heart 1 | Size of heart | Number of babies | Basket colour
769924,DELETE (no product still needs it),1,1,0,0,Heart 1 | Size of heart | Number of angels | Message to appear on left side of heart
769928,DELETE (no product still needs it),1,1,0,0,Heart 1 | Size of heart | Number to appear in balloon | Message to appear on left side of heart
769929,DELETE (no product still needs it),1,1,0,0,Heart 1 | Size of heart | Moon & Stars Colour | Message to appear on left side of heart
769931,DELETE (no product still needs it),1,1,0,0,Heart 1 | Size of heart | Message to appear on left side of heart | Message to appear on right side of heart
769932,DELETE (no product still needs it),1,1,0,0,Heart 1 | Size of heart | Name to appear on top line | Message to appear beneath pebble
769939,DELETE (no product still needs it),1,0,0,1,Coaster 1 | Colour of coaster | Name to appear before 'Drink' | **INCREDIBLE OFFER** Buy a second coaster for just £5.95
769963,DELETE (no product still needs it),1,0,0,1,Heart 1 | Size of heart | Colour of heart | Name to appear at the top
769967,DELETE (no product still needs it),1,0,0,1,Heart 1 | Size of heart | Colour of heart | **INCREDIBLE OFFER** Buy a second one for just £4.95
769971,DELETE (no product still needs it),1,0,0,1,Coaster 1 | Colour of Coaster | Name to appear at top | **INCREDIBLE OFFER** Buy a second coaster for just £5.95!
769977,DELETE (no product still needs it),1,0,0,1,Coaster 1 | Teacher's name to appear at top of coaster | World's Best... | **INCREDIBLE OFFER** Buy a second one for just £5.95!
770020,DELETE (no product still needs it),1,0,0,0,Group
770031,KEEP for now,1,0,1,0,Group
770055,DELETE (no product still needs it),1,1,0,0,Group
770064,KEEP for now,1,0,1,0,Pebblescape 1 | No. of pebble characters (If you wish to have dogs/cats in your picture please include these in the total number of pebble characters!) | Size of pebblescape | Text to appear above pebble people
772442,DELETE (no product still needs it),1,1,0,0,Pebblescape 1 | No. of pebble characters (If you wish to have dogs/cats in your picture please include these in the total number of pebble characters!) | Size of pebblescape | Text to appear above pebble people
772445,KEEP for now,1,0,1,0,Pebblescape 1 | Size of Pebblescape | Colour of basket | Text to appear at top of picture
772490,KEEP for now,1,0,1,0,"Decoration 1 | Size of Decoration | Now, personalise me... | Text to appear at the top"
772498,KEEP for now,1,0,1,0,Decoration 1 | Text to appear at the top | Text to appear beneath stockings | No. of stockings
772525,KEEP for now,1,0,1,0,Board 1 | Message to appear | **INCREDIBLE OFFER** Buy a second one for just £10.95 | Board 2
772528,KEEP for now,1,0,1,0,Decoration 1 | Name and date to appear on robin | **INCREDIBLE OFFER** Buy a second one for just £4.95 | Decoration 2
772532,KEEP for now,1,0,1,0,Number of robins | Name to appear on robin 1 | Name to appear on robin 2 | Name to appear on robin 3
772537,DELETE (no product still needs it),1,1,0,0,Group
772547,DELETE (no product still needs it),1,0,0,1,Heart 1 | Name of child to appear at the top | **INCREDIBLE OFFER** Buy a second one for just £5 | Heart 2
772565,KEEP for now,1,0,1,0,"Heart 1 | Text to appear at the top | Number of Bees | Now, personalise me..."
772589,KEEP for now,1,0,1,0,"Decoration 1 | Family name to appear at the top of signpost | Number of Names (Inc Pets) | Now, personalise me..."
772597,DELETE (no product still needs it),1,0,0,1,Coaster 1 | To... | From... | Valid from date (1st or last day of term)
772601,KEEP for now,1,0,1,0,Pencil 1 | Name of Teacher | Year or Class Name to appear on the left | Text to appear beneath name of Teacher
772605,KEEP for now,1,0,1,0,Decoration 1 | Size of heart | Large letter to appear | Name to appear on heart
772642,KEEP for now,1,0,1,0,Decoration 1 | Size of heart | Large letter to appear | Name to appear on heart
772654,KEEP for now,1,0,1,0,Planner 1 | Family name to appear at the top of your Planner | Please list the family names to appear down the side of the Planner (up to 6) | **INCREDIBLE OFFER** Buy a second planner for just £17.95!
772658,DELETE (no product still needs it),1,0,0,1,Planner 1 | Family name to appear at the top of your Calendar | **INCREDIBLE OFFER** Buy a second planner for just £17.95! | Planner 2
772664,KEEP for now,1,0,1,0,Decoration 1 | Choose your Decoration shape | Name and Date | **INCREDIBLE OFFER** Buy a second one for just £6
772666,KEEP for now,1,0,1,0,Decoration 1 | Choose your Decoration shape | First Christmas as... | Surname to appear above 2025
772670,KEEP for now,1,0,1,0,Decoration 1 | Choose your Decoration shape | Name and Date | **INCREDIBLE OFFER** Buy a second one for just £6
772674,KEEP for now,1,0,1,0,Decoration 1 | Choose your Decoration shape | My/Our | First Christmas as...
772677,KEEP for now,1,0,1,0,Decoration 1 | Choose your Decoration shape | My/Our | First Christmas as...
772681,KEEP for now,1,0,1,0,Decoration 1 | Choose your Decoration shape | Name of pet | **INCREDIBLE OFFER** Buy a second one for just £6
772682,KEEP for now,1,0,1,0,Decoration 1 | Choose your Decoration shape | Family Name | **INCREDIBLE OFFER** Buy a second one for just £6
772684,KEEP for now,1,0,1,0,Decoration 1 | Choose your Decoration shape | Child's name | **INCREDIBLE OFFER** Buy a second one for just £6
772685,DELETE (no product still needs it),1,0,0,1,Group
773214,DELETE (no product still needs it),1,0,0,1,Print 1 | Framing options | Name to appear | Title to appear
773230,KEEP for now,1,0,1,0,Print 1 | Framing options | Letter to appear with main image | Name to appear on print
773237,KEEP for now,1,0,1,0,Print 1 | Framing options | Letter to appear with main image | Name to appear on print
773240,KEEP for now,1,0,1,0,Print 1 | Framing options | Personalisation – Puzzle Piece One – Add names or initials | Personalisation – Puzzle Piece Two – Add names or initials
773244,KEEP for now,1,0,1,0,"Print 1 | Framing Options | Personalisation – Add names, initials or a short message | **INCREDIBLE OFFER** Buy a second one for just £5"
773285,DELETE (no product still needs it),1,0,0,1,Stretch Bracelet Colour (For both) | Bracelet 1 | Bracelet 1 Size | Bracelet 1 Personalisation
773316,DELETE (no product still needs it),1,0,0,1,Charm | Stretch Bracelet Colour | Size | Tiny hug FROM/Tiny hug FOR
773322,DELETE (no product still needs it),1,0,0,1,Charm | Stretch Bracelet Colour | Size | Personalisation Line 1
773336,DELETE (no product still needs it),1,0,0,1,Charm | Stretch Bracelet Colour | Size | Personalisation
773339,DELETE (no product still needs it),1,0,0,1,Charm | Stretch Bracelet Colour | Size | Personalisation Line 1
773349,DELETE (no product still needs it),1,0,0,1,Charm | Stretch Bracelet Colour | Size | Personalisation
773355,DELETE (no product still needs it),1,0,0,1,Charm | Stretch Bracelet Colour | Size | Name
773360,DELETE (no product still needs it),1,0,0,1,Charm | Stretch Bracelet Colour | Size | Personalisation
773361,DELETE (no product still needs it),1,0,0,1,Charm | Stretch Bracelet Colour | Size | Date
773363,DELETE (no product still needs it),1,0,0,1,Charm | Size | Personalisation | Symbol under text
773366,DELETE (no product still needs it),1,0,0,1,Charm (for all) | Stretch Bracelet Colour (for all) | Foil gift card (for all) | Total number of bracelets
773417,DELETE (no product still needs it),1,0,0,1,Bracelet 1 | Choose your engraving design | Initial/s to appear on charm | Foil gift card
773420,DELETE (no product still needs it),1,0,0,1,Bracelet 1 | Initial to appear on charm | Foil gift card | Make it extra special
773423,DELETE (no product still needs it),1,1,0,0,Group
869614,DELETE (no product still needs it),1,1,0,0,Heart 1 | Size of heart | Names to appear above pebble people | Text to appear below pebble people (Line 1)
869636,DELETE (no product still needs it),1,1,0,0,Heart 1 | Number of pebble people | Size of heart | Colour of heart
869747,DELETE (no product still needs it),1,1,0,0,Heart 1 | Number of pebble people (max 8 inc pets) | Size of heart | Change wording above pebbles?
870294,DELETE (no product still needs it),1,1,0,0,Heart 1 | Size of heart | Text to appear below pebble people (Line 1) | Text to appear below pebble people (Line 2)
872852,DELETE (no product still needs it),1,1,0,0,**INCREDIBLE OFFER** Buy a second one for just £15
872876,KEEP for now,1,0,1,0,Group
882679,KEEP for now,1,0,1,0,Group
872884,KEEP for now,1,0,1,0,Group
872890,KEEP for now,1,0,1,0,Group
872908,DELETE (no product still needs it),1,1,0,0,Group
873048,KEEP for now,1,0,1,0,Group
873078,DELETE (no product still needs it),1,1,0,0,Group
873562,DELETE (no product still needs it),1,1,0,0,Group
874564,DELETE (no product still needs it),1,0,0,1,Bracelet 1 | Charm | Stretch Bracelet Colour | Size
874567,DELETE (no product still needs it),1,0,0,1,Bracelet 1 | Charm | Stretch Bracelet Colour | Size
880921,DELETE (no product still needs it),1,0,0,1,Bracelet 1 | Charm | Stretch Bracelet Colour | Size
880923,DELETE (no product still needs it),1,0,0,1,Bracelet 1 | Charm | Stretch Bracelet Colour | Size
880928,DELETE (no product still needs it),1,0,0,1,Bracelet 1 | Charm | Stretch Bracelet Colour | Size
880930,DELETE (no product still needs it),1,0,0,1,Bracelet 1 | Charm | Stretch Bracelet Colour | Size
881162,DELETE (no product still needs it),1,0,0,1,Coaster 1 | Name to appear at top | **INCREDIBLE OFFER** Buy a second coaster for just £5.95! | Coaster 2
881772,DELETE (no product still needs it),1,1,0,0,Group
882049,DELETE (no product still needs it),1,1,0,0,Heart 1 | Size of heart | Message to appear on left side of heart | Message to appear on right side of heart
882638,DELETE (no product still needs it),1,0,0,1,Coaster 1 | Teacher name to appear | Love from message to appear at the bottom | **INCREDIBLE OFFER** get a 2nd coaster for just £5.95!
882651,KEEP for now,1,0,1,0,Group
882659,KEEP for now,1,0,1,0,Group
882791,DELETE (no product still needs it),1,1,0,0,Group
882796,DELETE (no product still needs it),1,1,0,0,Group
882887,DELETE (no product still needs it),1,1,0,0,Pebblescape 1 | No. of pebble characters (If you wish to have dogs/cats in your picture please include these in the total number of pebble characters!) | Size of pebblescape | Text to appear above pebble people
883308,KEEP for now,1,0,1,0,Pebblescape 1 | Size of Pebblescape | Text to appear at top of pebblescape | Text to appear at bottom of pebblescape (Line 1)
883311,KEEP for now,1,0,1,0,Pebblescape 1 | Size of Pebblescape | Text to appear at top of pebblescape (Line 1) | Text to appear at top of pebblescape (Line 2)
883395,KEEP for now,1,0,1,0,Group
883414,DELETE (no product still needs it),1,0,0,1,Coaster 1 | Teacher's name to appear at top of coaster | **INCREDIBLE OFFER** Buy a second one for just £5.95! | Coaster 2
883458,DELETE (no product still needs it),1,1,0,0,Heart 1 | Number of pebble people (max 8 inc pets) | Size of heart | Change wording above pebbles?
883480,KEEP for now,1,0,1,0,**INCREDIBLE OFFER** Buy a second one for just £3.95
883496,DELETE (no product still needs it),1,0,0,1,Keyring | Engraved initial letter to appear |  Full name to appear
884152,DELETE (no product still needs it),1,1,0,0,Group
884181,KEEP for now,1,0,1,0,Group
884260,DELETE (no product still needs it),1,1,0,0,Heart 1 | Size of heart | Configuration of pebble people | Message to appear on left side of heart
891409,DELETE (no product still needs it),1,1,0,0,Heart 1 | Size of heart | Configuration of pebble people | Message to appear on left side of heart
891620,DELETE (no product still needs it),1,1,0,0,Pebblescape 1 | No. of pebble characters (If you wish to have dogs/cats in your picture please include these in the total number of pebble characters!) | Size of pebblescape | Text to appear above pebble people
891629,DELETE (no product still needs it),1,1,0,0,Pebblescape 1 | No. of pebble characters (If you wish to have dogs/cats in your picture please include these in the total number of pebble characters!) | Size of pebblescape | Text to appear above pebble people
891636,DELETE (no product still needs it),1,1,0,0,Pebblescape 1 | No. of pebble characters (If you wish to have dogs/cats in your picture please include these in the total number of pebble characters!) | Size of pebblescape | Text to appear above pebble people
891645,DELETE (no product still needs it),1,1,0,0,Pebblescape 1 | No. of pebble characters (If you wish to have dogs/cats in your picture please include these in the total number of pebble characters!) | Size of pebblescape | Text to appear above pebble people
891648,DELETE (no product still needs it),1,1,0,0,Pebblescape 1 | No. of pebble characters (If you wish to have dogs/cats in your picture please include these in the total number of pebble characters!) | Size of pebblescape | Text to appear above pebble people (Line 1)
891654,DELETE (no product still needs it),1,1,0,0,Pebblescape 1 | No. of pebble characters (If you wish to have dogs/cats in your picture please include these in the total number of pebble characters!) | Size of pebblescape | Text to appear above pebble people
891657,KEEP for now,1,0,1,0,Pebblescape 1 | No. of pebble characters (If you wish to have dogs/cats in your picture please include these in the total number of pebble characters!) | Size of pebblescape | Text to appear above pebble people
891659,DELETE (no product still needs it),1,1,0,0,Pebblescape 1 | No. of pebble characters (If you wish to have dogs/cats in your picture please include these in the total number of pebble characters!) | Size of pebblescape | Text to appear above pebble people
891669,DELETE (no product still needs it),1,1,0,0,Group
891671,DELETE (no product still needs it),1,1,0,0,Group
1387275,DELETE (no product still needs it),1,1,0,0,Group
891680,DELETE (no product still needs it),1,0,0,1,Street sign 1 | Size of street sign | Colour of street sign | Personalisation text line 1
891696,DELETE (no product still needs it),1,1,0,0,Heart 1 | Size of heart | Text to appear below pebble people (Line 1) | Text to appear below pebble people (Line 2)
891699,DELETE (no product still needs it),1,1,0,0,Heart 1 | Size of heart | Text to appear below pebble people (Line 1) | Text to appear below pebble people (Line 2)
891706,KEEP for now,1,0,1,0,Decoration 1 | Text to appear at the top | Text to appear beneath stockings | No. of stockings
892324,DELETE (no product still needs it),1,1,0,0,Group
892326,DELETE (no product still needs it),1,1,0,0,Group
892396,KEEP for now,1,0,1,0,Group
892399,DELETE (no product still needs it),1,1,0,0,Heart 1 | Size of heart | Message to appear on left side of heart | Message to appear on right side of heart
892401,KEEP for now,1,0,1,0,Group
892428,DELETE (no product still needs it),1,0,0,1,Group
892429,DELETE (no product still needs it),1,1,0,0,Group
892436,DELETE (no product still needs it),1,1,0,0,"Heart 1 | Number of pebble people (max 8 inc pets) | Size of heart | Now, personalise me..."
892437,DELETE (no product still needs it),1,1,0,0,"Heart 1 | Number of pebble people (max 8 inc pets) | Size of heart | Now, personalise me..."
892445,DELETE (no product still needs it),1,1,0,0,Group
892447,DELETE (no product still needs it),1,1,0,0,"Heart 1 | Number of pebble people (max 8 inc pets) | Size of heart | Now, personalise me..."
892522,DELETE (no product still needs it),1,0,0,1,Group
892527,DELETE (no product still needs it),1,1,0,0,Group
892532,DELETE (no product still needs it),1,1,0,0,Group
892535,DELETE (no product still needs it),1,1,0,0,"Heart 1 | Number of pebble people (max 8 inc pets) | Size of heart | Now, personalise me..."
892544,DELETE (no product still needs it),1,1,0,0,Group
892545,DELETE (no product still needs it),1,1,0,0,Group
892547,DELETE (no product still needs it),1,0,0,1,Group
892602,DELETE (no product still needs it),1,0,0,1,Charm | Stretch Bracelet Colour | Size | Name
892603,DELETE (no product still needs it),1,0,0,1,Charm | Stretch Bracelet Colour | Size | Name
892604,DELETE (no product still needs it),1,0,0,1,Charm | Stretch Bracelet Colour | Size | Name
892605,DELETE (no product still needs it),1,0,0,1,Charm | Stretch Bracelet Colour | Size | Name
892721,DELETE (no product still needs it),1,0,0,1,Charm | Stretch Bracelet Colour | Size | Initials to appear
903206,DELETE (no product still needs it),1,0,0,1,Coaster 1 | Colour of coaster | **INCREDIBLE OFFER** Buy a second coaster for just £5.95 | Coaster 2
903255,KEEP for now,1,0,1,0,Sign 1 | Sign colour | Name to appear on line 1 | Large text to appear in the centre
903260,KEEP for now,1,0,1,0,Sign 1 | Sign colour | Name to appear on line 1 | Large text to appear in the centre
903263,KEEP for now,1,0,1,0,Sign 1 | Sign colour | Name to appear on line 1 | Large text to appear in the centre
903270,KEEP for now,1,0,1,0,Sign 1 | Sign colour | Name to appear above | Personalisation to appear beneath
903315,KEEP for now,1,0,1,0,Sign 1 | Sign colour | Name to appear above | Personalisation to appear beneath
903319,KEEP for now,1,0,1,0,Sign 1 | Sign colour | Name to appear above | Personalisation to appear beneath
903324,KEEP for now,1,0,1,0,Sign 1 | Sign colour | Name to appear above | Shed or Man Cave?
903332,KEEP for now,1,0,1,0,Bottle 1 | Name to appear below 'Premium quality' | Year established? | Personalisation to appear at bottom
903350,KEEP for now,1,0,1,0,"Door hanger 1 | Message to appear at the bottom of hanger | **INCREDIBLE OFFER** Buy a second hanger for just £10,95 | Door hanger 2"
903353,DELETE (no product still needs it),1,0,0,1,"Door hanger 1 | Message to appear at the bottom of hanger | **INCREDIBLE OFFER** Buy a second hanger for just £10,95 | Door hanger 2"
903357,DELETE (no product still needs it),1,0,0,1,"Door hanger 1 | Message to appear at the bottom of hanger | **INCREDIBLE OFFER** Buy a second hanger for just £10,95 | Door hanger 2"
903359,KEEP for now,1,0,1,0,"Door hanger 1 | Message to appear at the bottom of hanger | **INCREDIBLE OFFER** Buy a second hanger for just £10,95 | Door hanger 2"
903363,DELETE (no product still needs it),1,0,0,1,"Door hanger 1 | Message to appear at the bottom of hanger | **INCREDIBLE OFFER** Buy a second hanger for just £10,95 | Door hanger 2"
903367,DELETE (no product still needs it),1,0,0,1,Door hanger 1 | Keep Dad? | New name to appear | Message to appear at the bottom of hanger
903368,DELETE (no product still needs it),1,0,0,1,Door hanger 1 | Keep Dad? | New name to appear | Message to appear at the bottom of hanger
903378,DELETE (no product still needs it),1,0,0,1,Coaster 1 | Message to appear at the bottom of coaster | **INCREDIBLE OFFER** Buy a second one for just £5.95! | Coaster 2
903389,KEEP for now,1,0,1,0,Keyring 1 | Teacher name to appear | **INCREDIBLE OFFER** Buy a second one for just £2 | Keyring 2
903394,KEEP for now,1,0,1,0,Decoration 1 | Teacher name to appear at the top | 'Love from' message to appear below | **INCREDIBLE OFFER** Buy a second one for just £5
903398,KEEP for now,1,0,1,0,Decoration 1 | Teacher name to appear at the top | 'Love from' message to appear below | **INCREDIBLE OFFER** Buy a second one for just £5
903420,KEEP for now,1,0,1,0,"Decoration 1 | Number of pebble people (max 8 inc pets) | Size of decoration | Now, personalise me..."
903474,DELETE (no product still needs it),1,1,0,0,"Heart 1 | Number of pebble people (max 8 inc pets) | Size of heart | Now, personalise me..."
903511,DELETE (no product still needs it),1,1,0,0,Heart 1 | Size of heart | Choose pet | Message to appear on left side of heart
903514,DELETE (no product still needs it),1,1,0,0,Heart 1 | Size of heart | Choose pet | Message to appear on left side of heart
903519,DELETE (no product still needs it),1,1,0,0,Group
903522,DELETE (no product still needs it),1,1,0,0,"Heart 1 | Number of pebble people (max 8 inc pets) | Size of heart | Now, personalise me..."
903529,DELETE (no product still needs it),1,1,0,0,Heart 1 | Size of heart | Date to appear above pebble people | Text to appear below pebble people (Line 1)
903531,DELETE (no product still needs it),1,1,0,0,Heart 1 | Size of heart | Date to appear above pebble people | Text to appear below pebble people (Line 1)
903538,DELETE (no product still needs it),1,1,0,0,Heart 1 | Size of heart | Message to appear on left side of heart | Message to appear on right side of heart
903539,DELETE (no product still needs it),1,1,0,0,Heart 1 | Size of heart | Message to appear on left side of heart | Message to appear on right side of heart
903544,DELETE (no product still needs it),1,1,0,0,Heart 1 | Size of heart | Message to appear on left side of heart | Message to appear on right side of heart
952360,DELETE (no product still needs it),1,0,0,1,Bracelet 1 | Wording to appear on charm | Foil gift card | Make it extra special
960669,DELETE (no product still needs it),1,0,0,1,Decoration 1 | Select design (see image) | Name to appear in large | Name/s to appear after 'Lots of love from'
960683,DELETE (no product still needs it),1,0,0,1,Decoration 1 | Personalisation to appear in large heart | Personalisation to appear in smaller heart | **INCREDIBLE OFFER** Buy a second one for just £21.95
984827,DELETE (no product still needs it),1,1,0,0,Group
991479,KEEP for now,1,0,1,0,Heart 1 | Size of heart | Colour of heart | Name to appear
992347,KEEP for now,1,0,1,0,Heart 1 | Name to appear | Message to appear in flowers | Name/s to appear after 'Lots of love from'
1001069,DELETE (no product still needs it),1,0,0,1,Standing Heart 1 | Name to appear at the top | Personalisation to appear in the middle | Smaller text to appear
1012034,DELETE (no product still needs it),1,0,0,1,Print 1 | Framing options | Would you like the Red Pinpoint to appear? | Postcode of location
1015664,DELETE (no product still needs it),1,0,0,1,3D sign 1 | Personalisation | Would you like to add mounting strips? | **INCREDIBLE OFFER** GET A 2ND SIGN FOR £19.95!
1017129,DELETE (no product still needs it),1,0,0,1,Tradie sign 1 | Colour of Van | Personalisation text line 1 | Personalisation text line 2
1022116,KEEP for now,1,0,1,0,Planner 1 | Colour of Planner | Number rows to appear (up to 10) | Size of Planner
1030527,KEEP for now,1,0,1,0,Picture 1 | Configuration of pebble people | **INCREDIBLE OFFER** Buy a second frame for just £9.95 | Picture 2
1030529,KEEP for now,1,0,1,0,Picture 1 | Colour of Balloon | **INCREDIBLE OFFER** Buy a second frame for just £9.95 | Picture 2
1030531,KEEP for now,1,0,1,0,Picture 1 | Moon & Stars Colour | **INCREDIBLE OFFER** Buy a second frame for just £9.95 | Picture 2
1054477,DELETE (no product still needs it),1,0,0,1,Sign 1 | Message to appear beneath 'NO.1 D4D' | **INCREDIBLE OFFER** GET A 2ND SIGN FOR FREE! | Sign 2
1054481,DELETE (no product still needs it),1,0,0,1,Sign 1 | Football Team | **INCREDIBLE OFFER** GET A 2ND SIGN FOR FREE! | Sign 2
1072739,DELETE (no product still needs it),1,0,0,1,Street sign 1 | Colour of Boarder | Personalisation text line 1 | Personalisation text line 2
1076275,DELETE (no product still needs it),1,0,0,1,Group
1087953,DELETE (no product still needs it),1,0,0,1,Group
1088441,KEEP for now,1,0,1,0,Group
1088470,DELETE (no product still needs it),1,0,0,1,Group
1088534,KEEP for now,1,0,1,0,Group
1088566,KEEP for now,1,0,1,0,Group
1088680,DELETE (no product still needs it),1,0,0,1,Group
1089992,DELETE (no product still needs it),1,1,0,0,Group
1092054,DELETE (no product still needs it),1,0,0,1,Group
1093712,KEEP for now,1,0,1,0,Group
1094165,DELETE (no product still needs it),1,1,0,0,Group
1095197,KEEP for now,1,0,1,0,Group
1096591,DELETE (no product still needs it),1,0,0,1,Group
1155172,DELETE (no product still needs it),1,0,0,1,Group
1155181,DELETE (no product still needs it),1,0,0,1,Group
1156040,DELETE (no product still needs it),1,1,0,0,Group
1182233,DELETE (no product still needs it),1,1,0,0,Group
1156041,KEEP for now,1,0,1,0,Group
1182160,KEEP for now,1,0,1,0,Group
1156058,KEEP for now,1,0,1,0,Group
1182281,KEEP for now,1,0,1,0,Group
1156087,KEEP for now,1,0,1,0,Group
1182251,KEEP for now,1,0,1,0,Group
1167032,DELETE (no product still needs it),1,1,0,0,Group
1181692,DELETE (no product still needs it),1,1,0,0,Group
1167034,KEEP for now,1,0,1,0,Group
1178638,KEEP for now,1,0,1,0,Group
1167039,KEEP for now,1,0,1,0,Group
1181697,KEEP for now,1,0,1,0,Group
1167062,KEEP for now,1,0,1,0,Group
1181804,KEEP for now,1,0,1,0,Group
1167875,DELETE (no product still needs it),1,0,0,1,Group
1168027,KEEP for now,1,0,1,0,Group
1182255,KEEP for now,1,0,1,0,Group
1168051,KEEP for now,1,0,1,0,Group
1168058,KEEP for now,1,0,1,0,Group
1182264,KEEP for now,1,0,1,0,Group
1182315,DELETE (no product still needs it),1,0,0,1,Group
1182327,DELETE (no product still needs it),1,0,0,1,Group
1182331,DELETE (no product still needs it),1,0,0,1,Group
1182335,DELETE (no product still needs it),1,0,0,1,Group
1182349,DELETE (no product still needs it),1,0,0,1,Group
1182354,DELETE (no product still needs it),1,0,0,0,Group
1182358,DELETE (no product still needs it),1,0,0,0,Group
1182366,DELETE (no product still needs it),1,0,0,0,Group
1182380,DELETE (no product still needs it),1,0,0,0,Group
1182385,DELETE (no product still needs it),1,0,0,0,Group
1186847,DELETE (no product still needs it),1,0,0,1,Group
1186848,DELETE (no product still needs it),1,0,0,1,Group
1186861,DELETE (no product still needs it),1,1,0,0,Group
1186954,DELETE (no product still needs it),1,0,0,1,Group
1186965,DELETE (no product still needs it),1,0,0,1,Group
1187430,DELETE (no product still needs it),1,1,0,0,Group
1196844,DELETE (no product still needs it),1,1,0,0,Group
1208289,DELETE (no product still needs it),1,0,0,1,Group
1208342,DELETE (no product still needs it),1,0,0,1,Group
1268509,KEEP for now,1,0,1,0,Group
1268544,KEEP for now,1,0,1,0,Group
1268566,KEEP for now,1,0,1,0,Group
1268576,KEEP for now,1,0,1,0,Group
1268595,DELETE (no product still needs it),1,0,0,1,Group
1395520,DELETE (no product still needs it),1,1,0,0,Group
1454088,KEEP for now,1,0,1,0,Group
1479929,DELETE (no product still needs it),1,1,0,0,Group
1487823,DELETE (no product still needs it),1,1,0,0,Group
1515284,KEEP for now,1,0,1,0,Section
1014551,DELETE (no products mapped),0,0,0,0,Triple Breakfast Collection - April Fools Special | Beans Signs | Bacon Sign | Egg sign
1091164,DELETE (no products mapped),0,0,0,0,Group
1092076,DELETE (no products mapped),0,0,0,0,Group
1092668,DELETE (no products mapped),0,0,0,0,Group
1150957,DELETE (no products mapped),0,0,0,0,Group
1156061,DELETE (no products mapped),0,0,0,0,Group
1167088,DELETE (no products mapped),0,0,0,0,Group
767519,DELETE (no products mapped),0,0,0,0,Group
