product_id,handle,title,state,globo_option_sets,action
9436254175571,personalised-mr-mrs-first-christmas-street-sign,Personalised First Christmas Street Sign Gift — Mr & Mrs | Newlywed Christmas Present,native Daisy builder — Globo NOT needed,728788,REMOVE from these option sets
9436245819731,wedding-flower-arch-personalised-pebble-picture,Personalised Wedding Pebble Picture Gift — On Your Wedding Day | Unique Wedding Day Present UK,native Daisy builder — Globo NOT needed,767508,REMOVE from these option sets
9436289663315,wedding-church-personalised-pebble-picture,Personalised Wedding Church Pebble Picture Gift — Unique Wedding Day Present UK,native Daisy builder — Globo NOT needed,767508,REMOVE from these option sets
9534271226195,on-your-wedding-day-personalised-pebble-picture-gift-autumn,Personalised Autumn Wedding Pebble Picture Gift — On Your Wedding Day | Unique Wedding Gift UK,no native builder — still depends on Globo,767508,keep on Globo until a native builder exists
9683117703507,love-at-christmas-wedding-personalised-pebble-picture,Personalised Wedding Christmas Pebble Picture Gift — Love At Christmas | Unique Xmas Wedding Gift UK,no native builder — still depends on Globo,"767508,882717",keep on Globo until a native builder exists
9436227633491,,,not active (archived/draft/deleted),767521,ignore — set can go if it only holds products like this
9436265611603,personalised-dads-bar-london-street-sign,Personalised Dad Gift Street Sign — Bar & Grill BBQ Sign | Father's Day or Birthday Present,native Daisy builder — Globo NOT needed,767526,REMOVE from these option sets
9436271116627,personalised-london-street-sign,Personalised London Street Sign Gift — Custom London Street Name | Unique London Present UK,native Daisy builder — Globo NOT needed,768070,REMOVE from these option sets
9436267610451,personalised-football-stadium-street-sign-copy,Personalised Football Stadium Street Sign Gift — Pick Your Team | Football Fan Present UK,native Daisy builder — Globo NOT needed,768071,REMOVE from these option sets
9436269445459,personalised-halloween-street-sign,Personalised Halloween Street Sign Gift — Custom Personalised Halloween Home Decoration,native Daisy builder — Globo NOT needed,768102,REMOVE from these option sets
9436260958547,personalised-creepin-it-real-street-sign,Personalised Halloween Street Sign Gift — Creepin It Real | Funny Halloween Home Decoration,no native builder — still depends on Globo,768106,keep on Globo until a native builder exists
9436261646675,personalised-halloween-party-street-sign,Personalised Halloween Party Street Sign Gift — Personalised Party Decoration,no native builder — still depends on Globo,768114,keep on Globo until a native builder exists
9436231795027,santa-stop-here-personalised-christmas-street-sign,Personalised Christmas Street Sign Gift — Santa Stop Here | Personalised Family Xmas Present,native Daisy builder — Globo NOT needed,768116,REMOVE from these option sets
9436228714835,family-village-personalised-christmas-street-sign,Personalised Christmas Street Sign Gift — Family Village | Personalised Family Xmas Present,native Daisy builder — Globo NOT needed,768122,REMOVE from these option sets
9436228321619,family-sleigh-personalised-christmas-street-sign,Personalised Christmas Street Sign Gift — Family Sleigh | Personalised Family Xmas Present,native Daisy builder — Globo NOT needed,768126,REMOVE from these option sets
9436248965459,personalised-create-your-own-football-stadium-street-sign,Personalised Football Gift Street Sign — Create Your Own Stadium Sign | Football Fan Present UK,native Daisy builder — Globo NOT needed,768127,REMOVE from these option sets
9436232089939,this-way-to-the-wedding-personalised-street-sign,Personalised Wedding Street Sign Gift — This Way to the I Do's | Wedding Day Venue Sign,native Daisy builder — Globo NOT needed,768144,REMOVE from these option sets
9436276097363,personalised-traditional-road-sign,Personalised Traditional Road Sign Gift,native Daisy builder — Globo NOT needed,768151,REMOVE from these option sets
9436227109203,always-forever-personalised-street-sign,Personalised Street Sign Gift — Always & Forever | Wedding Anniversary Couple Present UK,native Daisy builder — Globo NOT needed,768156,REMOVE from these option sets
9436250308947,,,not active (archived/draft/deleted),768158,ignore — set can go if it only holds products like this
9436276326739,personalised-vintage-style-train-sign-gift,Personalised Vintage Style Train Sign Gift,native Daisy builder — Globo NOT needed,768163,REMOVE from these option sets
9436237693267,engagement-proposal-personalised-pebble-artwork,Personalised Engagement Pebble Picture Gift — Unique Couple Gift | Engagement Present UK,native Daisy builder — Globo NOT needed,768208,REMOVE from these option sets
9436282224979,proposal-in-paris-personalised-pebble-picture,Personalised Couple Pebble Picture Gift — Proposal In Paris | Romantic Engagement Gift UK,no native builder — still depends on Globo,768208,keep on Globo until a native builder exists
9436282257747,proposal-in-venice-personalised-pebble-picture,Personalised Couple Pebble Picture Gift — Proposal In Venice | Romantic Engagement Gift UK,no native builder — still depends on Globo,768208,keep on Globo until a native builder exists
9436233367891,beach-proposal-personalised-pebble-picture-gift,Personalised Engagement Pebble Picture Gift — Beach Proposal | Unique Engagement Gift UK,native Daisy builder — Globo NOT needed,768208,REMOVE from these option sets
9436237529427,engagement-proposal-love-tree-personalised-pebble-picture-copy,Personalised Engagement Pebble Picture Gift — Love Tree | Engagement or Proposal Present UK,native Daisy builder — Globo NOT needed,"768233,882709",REMOVE from these option sets
9683107217747,love-at-christmas-engagement-proposal-personalised-pebble-picture,Personalised Engagement Christmas Pebble Picture Gift — Love At Christmas | Unique Proposal Gift UK,no native builder — still depends on Globo,"768233,882709",keep on Globo until a native builder exists
9436245754195,on-your-wedding-day-family-personalised-pebble-picture-gift,Personalised Family Wedding Pebble Picture Gift — On Your Wedding Day | Unique Wedding Gift UK,native Daisy builder — Globo NOT needed,768240,REMOVE from these option sets
9436238250323,family-autumn-leaves-personalised-pebble-picture,Personalised Family Pebble Picture Gift — Autumn Leaves | Unique Family Home Gift UK,no native builder — still depends on Globo,768288,keep on Globo until a native builder exists
9436234318163,couple-love-tree-personalised-pebble-picture-6-colour-options,Personalised Couple Pebble Picture Gift — Love Tree | Unique Anniversary or Wedding Gift UK,native Daisy builder — Globo NOT needed,768290,REMOVE from these option sets
9436237791571,everything-to-me-personalised-pebble-artwork,Personalised Couple Pebble Picture Gift — Everything to Me | Romantic Anniversary Gift UK,native Daisy builder — Globo NOT needed,768326,REMOVE from these option sets
9436244574547,mum-nanny-everything-to-me-personalised-pebble-picture,Personalised Mum Nan Pebble Picture Gift — Everything To Me | Mum Birthday Mother's Day Present UK,no native builder — still depends on Globo,768335,keep on Globo until a native builder exists
9436233138515,always-forever-personalised-pebble-artwork,Personalised Couple Pebble Picture Gift — Always & Forever | Wedding Anniversary Gift UK,native Daisy builder — Globo NOT needed,768344,REMOVE from these option sets
9436243689811,mum-hands-hearts-personalised-pebble-picture,Personalised Mum Pebble Picture Gift — Hands & Hearts | Mum Birthday Mother's Day Present UK,native Daisy builder — Globo NOT needed,768353,REMOVE from these option sets
9436288975187,to-the-moon-back-personalised-pebble-artwork,Personalised Pebble Artwork Gift — To The Moon & Back | Unique Romantic or Family Gift UK,native Daisy builder — Globo NOT needed,768367,REMOVE from these option sets
9436239298899,family-making-memories-personalised-pebble-picture,Personalised Family Pebble Picture Gift — Making Memories | Unique Family Home Gift UK,no native builder — still depends on Globo,768389,keep on Globo until a native builder exists
9436236218707,dad-grandparent-making-memories-personalised-pebble-picture-copy,Personalised Dad Grandad Pebble Picture Gift — Making Memories | Father's Day Birthday Present UK,no native builder — still depends on Globo,768389,keep on Globo until a native builder exists
9436243853651,mum-grandparent-making-memories-personalised-pebble-picture,Personalised Mum Grandparent Pebble Picture Gift — Making Memories | Mum Nan Birthday Present UK,no native builder — still depends on Globo,768389,keep on Globo until a native builder exists
9436241527123,hello-baby-personalised-pebble-picture,Personalised New Baby Pebble Picture Gift — Hello Baby | New Baby or Christening Gift UK,no native builder — still depends on Globo,768411,keep on Globo until a native builder exists
9436245459283,the-stork-personalised-pebble-picture,Personalised New Baby Pebble Picture Gift — Baby Stork | Unique Baby Shower or Newborn Gift UK,no native builder — still depends on Globo,768434,keep on Globo until a native builder exists
9436282323283,rainbow-personalised-pebble-sketch-picture,Personalised Rainbow Pebble Picture Gift — Unique Hopeful Memory or Remembrance Gift UK,no native builder — still depends on Globo,768442,keep on Globo until a native builder exists
9436245393747,nanny-hands-hearts-personalised-pebble-picture,Personalised Nanny Pebble Picture Gift — Hands & Hearts | Nan Birthday Mother's Day Present UK,no native builder — still depends on Globo,768448,keep on Globo until a native builder exists
9436289925459,what-happens-at-grandmas-personalised-pebble-picture,Personalised Grandma Pebble Picture Gift — What Happens At Grandma's | Unique Gran Present UK,no native builder — still depends on Globo,768898,keep on Globo until a native builder exists
9436289990995,what-happens-at-grandpas-personalised-pebble-picture,Personalised Grandpa Pebble Picture Gift — What Happens At Grandpa's | Unique Grandad Present UK,no native builder — still depends on Globo,768898,keep on Globo until a native builder exists
9436244476243,mothers-day-2023-pebble-picture,Personalised Mum Nan Pebble Picture Gift — All You Do For Me | Mum Birthday Mother's Day Present UK,no native builder — still depends on Globo,768916,keep on Globo until a native builder exists
9436285894995,sowing-the-seeds-of-love-personalised-pebble-artwork,Personalised Couple Pebble Picture Gift — Sowing The Seeds Of Love | Romantic Anniversary Gift UK,no native builder — still depends on Globo,768923,keep on Globo until a native builder exists
9436238872915,family-ice-rink-personalised-pebble-picture,Personalised Family Christmas Pebble Picture Gift — Ice Rink | Family Xmas Gift UK,no native builder — still depends on Globo,768932,keep on Globo until a native builder exists
9436238741843,,,not active (archived/draft/deleted),768932,ignore — set can go if it only holds products like this
9436245524819,new-home-personalised-pebble-picture,Personalised New Home Pebble Picture Gift — Unique Housewarming Moving Present UK,native Daisy builder — Globo NOT needed,"768934,882690",REMOVE from these option sets
9436245623123,new-home-blossom-tree-personalised-pebble-picture,Personalised New Home Pebble Picture Gift — No Place Like Home | Unique Housewarming Present UK,no native builder — still depends on Globo,"768934,882690",keep on Globo until a native builder exists
9436239626579,snow-place-like-home-gingerbread-house-personalised-pebble-sketch-picture,Personalised Family Christmas Pebble Picture Gift — Gingerbread House | Family Xmas Gift UK,no native builder — still depends on Globo,768938,keep on Globo until a native builder exists
9436240838995,grandparent-gingerbread-house-personalised-pebble-sketch-picture,Personalised Grandparent Christmas Pebble Picture Gift — Gingerbread House | Xmas Gift UK,no native builder — still depends on Globo,768938,keep on Globo until a native builder exists
9436239397203,our-world-family-personalised-pebble-artwork,Personalised Family Pebble Picture Gift — Our World | Unique Family Home Gift UK,native Daisy builder — Globo NOT needed,768946,REMOVE from these option sets
9436236546387,dad-nanny-our-world-personalised-pebble-artwork,Personalised Dad Grandad Pebble Picture Gift — Our World | Father's Day Birthday Present UK,no native builder — still depends on Globo,768946,keep on Globo until a native builder exists
9436244738387,mum-nanny-our-world-personalised-pebble-artwork,Personalised Mum Nan Pebble Picture Gift — Our World | Mum Birthday Mother's Day Present UK,native Daisy builder — Globo NOT needed,768946,REMOVE from these option sets
9436241690963,home-sweet-home-personalised-pebble-picture,Personalised New Home Pebble Picture Gift — Home Sweet Home | Housewarming Moving Present UK,native Daisy builder — Globo NOT needed,768981,REMOVE from these option sets
9436240740691,grandparent-festive-personalised-pebble-sketch-picture,Personalised Grandparent Christmas Pebble Picture Gift — Festive | Nan Grandad Xmas Present UK,no native builder — still depends on Globo,768988,keep on Globo until a native builder exists
9436232810835,a-little-bit-of-crazy-personalised-pebble-picture,Personalised Pebble Picture Gift — A Little Bit of Crazy | Unique Friendship or Fun Gift UK,native Daisy builder — Globo NOT needed,"768990,882542",REMOVE from these option sets
9436233564499,because-i-have-a-sister-personalised-pebble-picture,Personalised Sister Pebble Picture Gift — Because I Have a Sister | Sister Gift UK,no native builder — still depends on Globo,769006,keep on Globo until a native builder exists
9436242706771,life-is-better-with-friends-personalised-pebble-picture,Personalised Friendship Pebble Picture Gift — Life is Better With Friends | Best Friend Present UK,no native builder — still depends on Globo,769012,keep on Globo until a native builder exists
9436282519891,personalised-remembrance-blue-angel-wings-pebble-picture,Personalised Remembrance Pebble Picture Gift — Blue Angel Wings | Unique Memorial Gift UK,no native builder — still depends on Globo,769019,keep on Globo until a native builder exists
9436282618195,personalised-remembrance-pink-angel-wings-pebble-picture,Personalised Remembrance Pebble Picture Gift — Pink Angel Wings | Unique Memorial Gift UK,no native builder — still depends on Globo,769019,keep on Globo until a native builder exists
9436282454355,personalised-remembrance-angel-wings-pebble-picture-up-to-4-angels,Personalised Remembrance Angel Wings Pebble Picture Gift — Up to 4 Angels | Memorial Gift UK,no native builder — still depends on Globo,769021,keep on Globo until a native builder exists
9436277047635,,,not active (archived/draft/deleted),769038,ignore — set can go if it only holds products like this
9436277866835,,,not active (archived/draft/deleted),769046,ignore — set can go if it only holds products like this
9436249489747,personalised-dad-standing-number-plate,Personalised 'Dad/Grandad' Standing Acrylic Number Plate Gift,no native builder — still depends on Globo,769051,keep on Globo until a native builder exists
9436257059155,,,not active (archived/draft/deleted),769063,ignore — set can go if it only holds products like this
9436278063443,personalised-football-team-acrylic-block,"Personalised, Football Team Acrylic Block Gift",no native builder — still depends on Globo,769070,keep on Globo until a native builder exists
9436265546067,personalised-anniversary-pebble-people-hanging-heart-copy,Personalised Couple Wedding Pebble Hanging Heart Gift — Unique Wedding Anniversary Present UK,native Daisy builder — Globo NOT needed,769153,REMOVE from these option sets
9436250702163,personalised-engagement-pebble-hanging-heart,Personalised 'Engagement' Pebble Hanging Heart Gift,native Daisy builder — Globo NOT needed,769165,REMOVE from these option sets
9436254306643,personalised-mr-mrs-engraved-chopping-board,Personalised Mr & Mrs Laser Engraved Wedding Chopping Board | Unique Wedding Gift UK,no native builder — still depends on Globo,769176,keep on Globo until a native builder exists
9436252930387,personalised-grandparent-blossom-tree-hanging-heart,Personalised 'Grandparent Blossom Tree' Pebble Hanging Heart Gift,native Daisy builder — Globo NOT needed,769181,REMOVE from these option sets
9436254896467,personalised-mum-blossom-tree-hanging-heart,Personalised 'Mum Blossom Tree' Pebble Hanging Heart Gift,native Daisy builder — Globo NOT needed,769181,REMOVE from these option sets
9436270133587,,,not active (archived/draft/deleted),769194,ignore — set can go if it only holds products like this
9436270199123,,,not active (archived/draft/deleted),769215,ignore — set can go if it only holds products like this
9436270100819,,,not active (archived/draft/deleted),769228,ignore — set can go if it only holds products like this
9436251849043,personalised-family-festive-christmas-pebble-star-hanging-decoration,Personalised 'Family Festive' Christmas Pebble Star Hanging Decoration,no native builder — still depends on Globo,769231,keep on Globo until a native builder exists
9436228845907,family-personalised-street-sign,Personalised Family Street Sign Gift — Custom Family Name Sign | Personalised Home Gift UK,native Daisy builder — Globo NOT needed,"769260,892323",REMOVE from these option sets
9436267086163,personalised-christmas-street-sign,Personalised Family Christmas Street Sign Gift — Festive Family Name | Personalised Xmas Decoration,native Daisy builder — Globo NOT needed,769265,REMOVE from these option sets
9436269347155,personalised-guardian-angel-remembrance-pebble-people-hanging-heart,Personalised Guardian Angel Remembrance Pebble People Hanging Heart Gift,native Daisy builder — Globo NOT needed,769281,REMOVE from these option sets
9436262629715,personalised-wonderland-family-christmas-pebble-hanging-heart,"Personalised ""Wonderland"" Family Christmas Pebble Hanging Decoration",native Daisy builder — Globo NOT needed,769285,REMOVE from these option sets
9436264300883,personalised-elf-arrival-postcard-with-optional-elf-toy,"Personalised Elf Arrival Postcard, Christmas Elf Welcome Letter, Optional Plush Elf Friend",native Daisy builder — Globo NOT needed,769294,REMOVE from these option sets
9436274295123,personalised-teacher-poem-hanging-star,Personalised Teacher Poem Hanging Star Gift — Unique End of Year Thank You Present UK,no native builder — still depends on Globo,769298,keep on Globo until a native builder exists
9436256862547,personalised-shine-teacher-star-keyring,Personalised Shine Teacher Star Keyring Gift — Unique End of Year Thank You Teacher Present UK,no native builder — still depends on Globo,769303,keep on Globo until a native builder exists
9436254044499,personalised-magic-books-teacher-bookmark,Personalised Magic Books Teacher Bookmark Gift — Unique End of Year Thank You Present UK,no native builder — still depends on Globo,769307,keep on Globo until a native builder exists
9436262793555,personalised-apple-teacher-bookmark-available-in-2-colours,Personalised Apple Teacher Bookmark Gift — 2 Designs | Unique End of Year Thank You Present UK,no native builder — still depends on Globo,769308,keep on Globo until a native builder exists
9436273508691,personalised-teacher-bookmark-available-in-9-colours,Personalised Teacher Bookmark Gift — 9 Colours | Unique End of Year Thank You Teacher Present UK,no native builder — still depends on Globo,769708,keep on Globo until a native builder exists
9436253913427,,,not active (archived/draft/deleted),769715,ignore — set can go if it only holds products like this
9436250243411,,,not active (archived/draft/deleted),769727,ignore — set can go if it only holds products like this
9436267544915,personalised-flower-teacher-hanging-heart,Personalised Teacher Flower Hanging Heart Gift — Unique End of Year Thank You Present UK,no native builder — still depends on Globo,769739,keep on Globo until a native builder exists
9436274196819,personalised-teacher-hanging-jigsaw-piece-decoration,Personalised Teacher Hanging Jigsaw Piece Gift — Unique End of Year Thank You Present UK,no native builder — still depends on Globo,769742,keep on Globo until a native builder exists
9436253225299,,,not active (archived/draft/deleted),769747,ignore — set can go if it only holds products like this
9436263448915,,,not active (archived/draft/deleted),769750,ignore — set can go if it only holds products like this
9436263350611,personalised-caution-busy-do-not-disturb-door-hanger,Personalised CAUTION 'Busy Do Not Disturb' Door Hanger Gift,no native builder — still depends on Globo,769752,keep on Globo until a native builder exists
9436256207187,,,not active (archived/draft/deleted),769758,ignore — set can go if it only holds products like this
9436255977811,,,not active (archived/draft/deleted),769761,ignore — set can go if it only holds products like this
9436256698707,,,not active (archived/draft/deleted),769766,ignore — set can go if it only holds products like this
9436257157459,,,not active (archived/draft/deleted),769768,ignore — set can go if it only holds products like this
9436246638931,,,not active (archived/draft/deleted),769774,ignore — set can go if it only holds products like this
9436246671699,,,not active (archived/draft/deleted),769775,ignore — set can go if it only holds products like this
9436249358675,,,not active (archived/draft/deleted),769779,ignore — set can go if it only holds products like this
9436235366739,dad-grandpa-premium-quality-bottle-opener,"Dad/Grandpa 'Premium Quality' Personalised, Oak Veneer Bottle Opener Gift",native Daisy builder — Globo NOT needed,769782,REMOVE from these option sets
9436247556435,personalised-bbq-grill-hanging-sign,Personalised 'BBQ & Grill' Hanging Sign Gift,native Daisy builder — Globo NOT needed,769787,REMOVE from these option sets
9436247916883,personalised-beer-garden-hanging-sign,Personalised 'Beer Garden' Hanging Sign Gift,no native builder — still depends on Globo,769791,keep on Globo until a native builder exists
9436252275027,personalised-fire-pit-garden-sign,Personalised 'Fire Pit' Garden Sign Gift,no native builder — still depends on Globo,769795,keep on Globo until a native builder exists
9436270264659,,,not active (archived/draft/deleted),769800,ignore — set can go if it only holds products like this
9436270428499,personalised-laser-cut-acrylic-greenhouse-sign,Personalised Laser Cut Acrylic 'Greenhouse' Sign Gift,no native builder — still depends on Globo,769804,keep on Globo until a native builder exists
9436270625107,personalised-laser-cut-acrylic-shed-sign,Personalised Laser Cut Acrylic 'Shed' Sign Gift,no native builder — still depends on Globo,769807,keep on Globo until a native builder exists
9436270494035,personalised-laser-cut-acrylic-home-bar-sign,Personalised Laser Cut Acrylic 'Home Bar' Sign Gift,no native builder — still depends on Globo,769811,keep on Globo until a native builder exists
9436270330195,personalised-laser-cut-acrylic-garden-sign,Personalised Laser Cut Acrylic 'Garden' Sign Gift,no native builder — still depends on Globo,769814,keep on Globo until a native builder exists
9436272787795,personalised-dog-remembrance-pebble-people-hanging-heart,Personalised Pet Remembrance Pebble People Hanging Heart Gift,native Daisy builder — Globo NOT needed,769817,REMOVE from these option sets
9436235530579,dad-grandpa-superhero-plaque-with-bottle-opener,Dad/Grandpa 'Superhero' wooden plaque with bottle opener Gift,no native builder — still depends on Globo,769826,keep on Globo until a native builder exists
9436236087635,dad-grandpa-youre-welcome-wooden-plaque-with-bottle-opener,Dad/Grandpa 'You're Welcome' wooden plaque with bottle opener Gift,no native builder — still depends on Globo,769843,keep on Globo until a native builder exists
9436235268435,dad-grandpa-charging-station-wooden-plaque-with-bottle-opener,Dad/Grandpa 'Charging Station' wooden plaque with bottle opener Gift,no native builder — still depends on Globo,769844,keep on Globo until a native builder exists
9436246802771,personalised-all-you-do-for-me-pebble-hanging-heart,Personalised 'All You Do For Me' Pebble Hanging Heart Gift,native Daisy builder — Globo NOT needed,769850,REMOVE from these option sets
9436214133075,,,not active (archived/draft/deleted),769856,ignore — set can go if it only holds products like this
9436225438035,,,not active (archived/draft/deleted),769861,ignore — set can go if it only holds products like this
9436240281939,dad-grandpa-number-one-personalised-oak-veneer-bottle-opener,Football Shirt Personalised Oak Veneer Bottle Opener Gift,no native builder — still depends on Globo,769864,keep on Globo until a native builder exists
9436254962003,personalised-mum-hanging-heart-poem,Personalised 'Mum Hanging Heart Poem' Gift,no native builder — still depends on Globo,"769869,903237",keep on Globo until a native builder exists
9436249751891,,,not active (archived/draft/deleted),769873,ignore — set can go if it only holds products like this
9436254568787,personalised-mr-mrs-standing-plaque,Personalised Mr & Mrs Wedding Standing Plaque Gift | Unique Wedding Day Present UK,no native builder — still depends on Globo,769874,keep on Globo until a native builder exists
9436264268115,personalised-christening-pebble-hanging-heart,Personalised Christening Pebble Hanging Heart Gift,native Daisy builder — Globo NOT needed,769877,REMOVE from these option sets
9436272918867,personalised-rainbow-teacher-pebble-people-hanging-heart,Personalised Teacher Rainbow Pebble People Hanging Heart Gift — Unique End of Year Present UK,native Daisy builder — Globo NOT needed,769881,REMOVE from these option sets
9436261777747,personalised-couple-valentines-edition-pebble-hanging-heart,Personalised Couple Love Is An Invisible Thread Pebble Hanging Heart Gift | Unique Wedding Anniversary Present UK,native Daisy builder — Globo NOT needed,769885,REMOVE from these option sets
9436266365267,personalised-everything-to-me-pebble-hanging-heart,Personalised Couple Everything To Me Pebble Hanging Heart Gift | Unique Wedding Anniversary Present UK,native Daisy builder — Globo NOT needed,769887,REMOVE from these option sets
9436265447763,personalised-flutterby-blossom-tree-pebble-hanging-heart-6-colours,Personalised Couple Love Tree Pebble Hanging Heart Gift — 6 Colours | Wedding Anniversary Gift UK,native Daisy builder — Globo NOT needed,769889,REMOVE from these option sets
9436264431955,personalised-christmas-2022-hanging-pebble-decoration,Personalised Christmas Family Door Hanging Pebble Decoration,no native builder — still depends on Globo,769905,keep on Globo until a native builder exists
9436255846739,personalised-new-home-our-home-pebble-hanging-heart,Personalised 'New Home/Our Home' Pebble Hanging Heart Gift,native Daisy builder — Globo NOT needed,769908,REMOVE from these option sets
9436255289683,personalised-new-baby-stalk-hanging-heart,Personalised 'New Baby Stork' Pebble Hanging Heart Gift,native Daisy builder — Globo NOT needed,769917,REMOVE from these option sets
9436266529107,personalised-family-christmas-pebble-hanging-heart,Personalised Family Christmas Pebble Hanging Heart Gift,native Daisy builder — Globo NOT needed,769919,REMOVE from these option sets
9436266922323,personalised-family-pebble-hanging-heart,Personalised Family Pebble Hanging Heart Gift,native Daisy builder — Globo NOT needed,769919,REMOVE from these option sets
9436260335955,personalised-1st-christmas-new-home-pebble-hanging-heart,"Personalised ""1st Christmas New Home"" Pebble Hanging Heart",native Daisy builder — Globo NOT needed,769919,REMOVE from these option sets
9436272197971,personalised-new-home-pebble-hanging-heart,Personalised New Home Pebble Hanging Heart Gift,native Daisy builder — Globo NOT needed,769919,REMOVE from these option sets
9436262596947,personalised-remembrance-christmas-pebble-hanging-heart,"Personalised ""Remembrance"" Christmas Pebble Hanging Heart",native Daisy builder — Globo NOT needed,769924,REMOVE from these option sets
9436269314387,personalised-graduation-pebble-hanging-heart,Personalised Graduation Pebble Hanging Heart Gift,native Daisy builder — Globo NOT needed,769927,REMOVE from these option sets
9436274262355,,,not active (archived/draft/deleted),769927,ignore — set can go if it only holds products like this
9436263285075,personalised-birthday-pebble-hanging-heart,Personalised Birthday Pebble Hanging Heart Gift,native Daisy builder — Globo NOT needed,769928,REMOVE from these option sets
9436272066899,personalised-new-baby-pebble-hanging-heart-3-colours,Personalised New Baby Pebble Hanging Heart Gift (3 colours),native Daisy builder — Globo NOT needed,769929,REMOVE from these option sets
9436262170963,personalised-my-1st-christmas-babys-1st-christmas-pebble-hanging-heart,"Personalised ""My 1st Christmas"" Baby's 1st Christmas Pebble Hanging Heart",native Daisy builder — Globo NOT needed,769931,REMOVE from these option sets
9436272951635,personalised-robins-remembrance-outdoor-pebble-people-hanging,Personalised Robins Remembrance Outdoor Pebble People Hanging Heart Decoration,native Daisy builder — Globo NOT needed,769932,REMOVE from these option sets
9436256239955,,,not active (archived/draft/deleted),769939,ignore — set can go if it only holds products like this
9436222488915,,,not active (archived/draft/deleted),"769957,769978",ignore — set can go if it only holds products like this
9436222226771,,,not active (archived/draft/deleted),"769957,769978",ignore — set can go if it only holds products like this
9436222390611,,,not active (archived/draft/deleted),769960,ignore — set can go if it only holds products like this
9436222161235,,,not active (archived/draft/deleted),769960,ignore — set can go if it only holds products like this
9706278125907,,,not active (archived/draft/deleted),769963,ignore — set can go if it only holds products like this
9436216262995,,,not active (archived/draft/deleted),"769967,769978",ignore — set can go if it only holds products like this
9436220555603,,,not active (archived/draft/deleted),769971,ignore — set can go if it only holds products like this
9436212232531,,,not active (archived/draft/deleted),769974,ignore — set can go if it only holds products like this
9436213215571,,,not active (archived/draft/deleted),769974,ignore — set can go if it only holds products like this
9436213477715,,,not active (archived/draft/deleted),769974,ignore — set can go if it only holds products like this
9436226126163,,,not active (archived/draft/deleted),769974,ignore — set can go if it only holds products like this
9436217573715,,,not active (archived/draft/deleted),"769974,769978",ignore — set can go if it only holds products like this
9436217704787,,,not active (archived/draft/deleted),"769974,769978",ignore — set can go if it only holds products like this
9436217770323,,,not active (archived/draft/deleted),769974,ignore — set can go if it only holds products like this
9436217868627,,,not active (archived/draft/deleted),769974,ignore — set can go if it only holds products like this
9436219113811,,,not active (archived/draft/deleted),"769974,769978",ignore — set can go if it only holds products like this
9436225864019,,,not active (archived/draft/deleted),"769974,769978",ignore — set can go if it only holds products like this
9436225306963,,,not active (archived/draft/deleted),"769974,769978",ignore — set can go if it only holds products like this
9436220260691,,,not active (archived/draft/deleted),"769974,769978",ignore — set can go if it only holds products like this
9436224389459,,,not active (archived/draft/deleted),"769974,769978",ignore — set can go if it only holds products like this
9436220096851,,,not active (archived/draft/deleted),769976,ignore — set can go if it only holds products like this
9436221964627,,,not active (archived/draft/deleted),769976,ignore — set can go if it only holds products like this
9436225831251,,,not active (archived/draft/deleted),769976,ignore — set can go if it only holds products like this
9436275605843,,,not active (archived/draft/deleted),769977,ignore — set can go if it only holds products like this
9436211937619,,,not active (archived/draft/deleted),769978,ignore — set can go if it only holds products like this
9436213281107,,,not active (archived/draft/deleted),769978,ignore — set can go if it only holds products like this
9436213641555,,,not active (archived/draft/deleted),769978,ignore — set can go if it only holds products like this
9436214362451,,,not active (archived/draft/deleted),769978,ignore — set can go if it only holds products like this
9436214526291,,,not active (archived/draft/deleted),769978,ignore — set can go if it only holds products like this
9436216000851,,,not active (archived/draft/deleted),769978,ignore — set can go if it only holds products like this
9436219474259,,,not active (archived/draft/deleted),769978,ignore — set can go if it only holds products like this
9436215607635,,,not active (archived/draft/deleted),769978,ignore — set can go if it only holds products like this
9436216492371,,,not active (archived/draft/deleted),769978,ignore — set can go if it only holds products like this
9436216557907,,,not active (archived/draft/deleted),769978,ignore — set can go if it only holds products like this
9436218065235,,,not active (archived/draft/deleted),769978,ignore — set can go if it only holds products like this
9436218130771,,,not active (archived/draft/deleted),769978,ignore — set can go if it only holds products like this
9436218261843,,,not active (archived/draft/deleted),769978,ignore — set can go if it only holds products like this
9436219572563,,,not active (archived/draft/deleted),769978,ignore — set can go if it only holds products like this
9436220424531,,,not active (archived/draft/deleted),769978,ignore — set can go if it only holds products like this
9436221079891,,,not active (archived/draft/deleted),769978,ignore — set can go if it only holds products like this
9436221636947,,,not active (archived/draft/deleted),769978,ignore — set can go if it only holds products like this
9436221833555,,,not active (archived/draft/deleted),769978,ignore — set can go if it only holds products like this
9436221931859,,,not active (archived/draft/deleted),769978,ignore — set can go if it only holds products like this
9436222062931,,,not active (archived/draft/deleted),769978,ignore — set can go if it only holds products like this
9436222652755,,,not active (archived/draft/deleted),769978,ignore — set can go if it only holds products like this
9436223013203,,,not active (archived/draft/deleted),769978,ignore — set can go if it only holds products like this
9436224323923,,,not active (archived/draft/deleted),769978,ignore — set can go if it only holds products like this
9436225601875,,,not active (archived/draft/deleted),769978,ignore — set can go if it only holds products like this
9436226519379,,,not active (archived/draft/deleted),769978,ignore — set can go if it only holds products like this
9680213639507,10-36-incredible-offer,(+£10.36) **INCREDIBLE OFFER**,Globo helper/add-on product,770020,keep product (orders reference it); irrelevant to page removal
9436235071827,dad-grandad-simple-moments-personalised-pebble-picture,Personalised Dad Grandad Pebble Picture Gift — Simple Moments | Father's Day Birthday Present UK,native Daisy builder — Globo NOT needed,770027,REMOVE from these option sets
9436283699539,simple-moments-personalised-pebble-picture,Personalised Pebble Picture Gift — Simple Moments | Unique Birthday or Special Occasion Gift UK,native Daisy builder — Globo NOT needed,770027,REMOVE from these option sets
9436238414163,family-seaside-holidays-personalised-pebble-picture,Personalised Family Pebble Picture Gift — By The Sea | Family Home or Holiday Gift UK,no native builder — still depends on Globo,770031,keep on Globo until a native builder exists
9436224684371,thank-you-teacher-personalised-pebble-picture,Personalised Thank You Teacher Pebble Picture Gift — End of Year | Unique Teacher Present UK,native Daisy builder — Globo NOT needed,770055,REMOVE from these option sets
9436250505555,personalised-wedding-swing-pebblescape,Personalised Engagement Pebblescape Gift — Love Tree | Unique Engagement or Proposal Present UK,native Daisy builder — Globo NOT needed,770062,REMOVE from these option sets
9436246868307,personalised-always-forever-pebblescape,Personalised Couple Pebblescape Gift — Always & Forever | Romantic Anniversary Wedding Gift UK,native Daisy builder — Globo NOT needed,770062,REMOVE from these option sets
9436255715667,personalised-new-home-pebblescape,Personalised New Home Pebblescape Gift — Unique Housewarming Moving Present UK,no native builder — still depends on Globo,770064,keep on Globo until a native builder exists
9436260237651,personalised-wedding-swing-pebblescape-2,Personalised Wedding Swing Pebblescape Gift — Unique Wedding Day Gift UK,no native builder — still depends on Globo,772441,keep on Globo until a native builder exists
9436250603859,personalised-engagement-swing-pebblescape,Personalised Engagement Pebblescape Gift — Swing Design | Unique Engagement or Proposal Gift UK,native Daisy builder — Globo NOT needed,772441,REMOVE from these option sets
9436248834387,personalised-christening-pebblescape,Personalised Christening Pebblescape Gift — Unique Christening or New Baby Present UK,native Daisy builder — Globo NOT needed,772442,REMOVE from these option sets
9436255551827,personalised-new-baby-stalk-pebblescape,Personalised New Baby Pebblescape Gift — Baby Stork | Unique New Baby or Christening Gift UK,no native builder — still depends on Globo,772445,keep on Globo until a native builder exists
9436264399187,personalised-christmas-2022-family-tree-decoration,Personalised Christmas Family Door Hanging Decoration,no native builder — still depends on Globo,772490,keep on Globo until a native builder exists
9436252176723,family-christmas-fireplace-candle-decoration-2,Personalised Family Christmas Fireplace Candle Decoration — Unique Christmas Home Décor Gift UK,no native builder — still depends on Globo,772498,keep on Globo until a native builder exists
9436273213779,personalised-santa-treat-board,Personalised Santa Treat Board Gift,no native builder — still depends on Globo,772525,keep on Globo until a native builder exists
9436262728019,personalised-acrylic-robin-remembrance-tree-decoration,Personalised Acrylic Robin Remembrance Tree Decoration,no native builder — still depends on Globo,772528,keep on Globo until a native builder exists
9436262695251,personalised-acrylic-robin-family-tree-decoration,Personalised Acrylic Robin Family Tree Decoration,no native builder — still depends on Globo,772532,keep on Globo until a native builder exists
9436274983251,personalised-teacher-teaching-assistant-superhero-keyring,Personalised Teacher Superhero Minifigure Keyring Gift — Unique End of Year Teacher Present UK,native Daisy builder — Globo NOT needed,772537,REMOVE from these option sets
9436283830611,,,not active (archived/draft/deleted),772547,ignore — set can go if it only holds products like this
9436263154003,personalised-bee-family-outdoor-hanging-heart,Personalised Bee Family Outdoor Hanging Heart Gift,no native builder — still depends on Globo,772565,keep on Globo until a native builder exists
9436239528275,family-signpost-christmas-hanging-decoration,Family Signpost Christmas Hanging Decoration,no native builder — still depends on Globo,772589,keep on Globo until a native builder exists
9436275212627,,,not active (archived/draft/deleted),772597,ignore — set can go if it only holds products like this
9436274393427,personalised-teacher-standing-acrylic-pencil,Personalised Teacher Standing Acrylic Pencil Gift — Unique End of Year Thank You Present UK,no native builder — still depends on Globo,772601,keep on Globo until a native builder exists
9436248703315,personalised-bunny-hanging-heart-pink,Personalised 'Bunny' Hanging Heart Gift (Pink),no native builder — still depends on Globo,772605,keep on Globo until a native builder exists
9436248605011,personalised-bunny-hanging-heart-blue,Personalised 'Bunny' Hanging Heart Gift (Blue),no native builder — still depends on Globo,772642,keep on Globo until a native builder exists
9436272394579,,,not active (archived/draft/deleted),772646,ignore — set can go if it only holds products like this
9436272263507,,,not active (archived/draft/deleted),772646,ignore — set can go if it only holds products like this
9436266496339,personalised-family-acrylic-weekly-wall-planner,Personalised Family Acrylic Weekly Wall Planner Gift,no native builder — still depends on Globo,772654,keep on Globo until a native builder exists
9436266430803,,,not active (archived/draft/deleted),772658,ignore — set can go if it only holds products like this
9436261515603,personalised-first-christmas-new-home-hanging-decoration,"Personalised ""First Christmas New Home"" Hanging Decoration",no native builder — still depends on Globo,772661,keep on Globo until a native builder exists
9436261613907,personalised-first-christmas-together-hanging-decoration,"Personalised ""First Christmas Together"" Hanging Decoration",no native builder — still depends on Globo,772661,keep on Globo until a native builder exists
9436260893011,personalised-christmas-angel-hanging-decoration,"Personalised ""Christmas Angel"" Hanging Decoration",no native builder — still depends on Globo,772664,keep on Globo until a native builder exists
9436261220691,personalised-first-christmas-married-hanging-decoration,"Personalised ""First Christmas Married"" Hanging Decoration",no native builder — still depends on Globo,772666,keep on Globo until a native builder exists
9436262498643,personalised-pet-remembrance-hanging-decoration,"Personalised ""Pet Remembrance"" Hanging Decoration",no native builder — still depends on Globo,772670,keep on Globo until a native builder exists
9436261089619,personalised-first-christmas-as-grandparent-hanging-decoration,"Personalised ""First Christmas as... (Grandparent)"" Hanging Decoration",no native builder — still depends on Globo,772674,keep on Globo until a native builder exists
9436261155155,personalised-first-christmas-as-parent-hanging-decoration,"Personalised ""First Christmas as... (Parent)"" Hanging Decoration",no native builder — still depends on Globo,772677,keep on Globo until a native builder exists
9436262400339,personalised-pet-first-christmas-hanging-decoration,"Personalised ""Pet First Christmas"" Hanging Decoration",no native builder — still depends on Globo,772681,keep on Globo until a native builder exists
9436261056851,personalised-family-christmas-hanging-decoration,"Personalised ""Family Christmas"" Hanging Decoration",no native builder — still depends on Globo,772682,keep on Globo until a native builder exists
9436260729171,personalised-babys-first-christmas-hanging-decoration,"Personalised ""Baby's First Christmas"" Hanging Decoration",no native builder — still depends on Globo,772684,keep on Globo until a native builder exists
10107169112403,,,not active (archived/draft/deleted),772685,ignore — set can go if it only holds products like this
9436257976659,personalised-watercolour-flower-anniversary-a4-print,Personalised 'Watercolour Flower Anniversary' A4 Print,no native builder — still depends on Globo,772689,keep on Globo until a native builder exists
9436258206035,personalised-watercolour-flower-birthday-a4-print,Personalised 'Watercolour Flower Birthday' A4 Print,no native builder — still depends on Globo,772689,keep on Globo until a native builder exists
9436258337107,personalised-watercolour-flower-couple-a4-print,Personalised 'Watercolour Flower Couple' A4 Print,no native builder — still depends on Globo,772689,keep on Globo until a native builder exists
9436258828627,personalised-watercolour-flower-engagement-a4-print,Personalised 'Watercolour Flower Engagement' A4 Print,no native builder — still depends on Globo,772689,keep on Globo until a native builder exists
9436258894163,personalised-watercolour-flower-friendship-a4-print,Personalised 'Watercolour Flower Friendship' A4 Print,no native builder — still depends on Globo,772689,keep on Globo until a native builder exists
9436259090771,personalised-watercolour-flower-mum-a4-print-2,Personalised 'Watercolour Flower Mum' A4 Print,no native builder — still depends on Globo,772689,keep on Globo until a native builder exists
9436259352915,personalised-watercolour-flower-sister-a4-print,Personalised 'Watercolour Flower Sister' A4 Print,no native builder — still depends on Globo,772689,keep on Globo until a native builder exists
9436259942739,personalised-watercolour-flower-wedding-a4-print,Personalised Wedding Watercolour Flower A4 Print — Unique Wedding Day Keepsake Gift UK,no native builder — still depends on Globo,772689,keep on Globo until a native builder exists
9436259025235,personalised-watercolour-flower-mum-a4-print,Personalised 'Watercolour Flower Grandparent' A4 Print,no native builder — still depends on Globo,772692,keep on Globo until a native builder exists
9436259287379,personalised-watercolour-flower-new-home-a4-print,Personalised 'Watercolour Flower New Home' A4 Print,no native builder — still depends on Globo,772692,keep on Globo until a native builder exists
9807409381715,,,not active (archived/draft/deleted),773214,ignore — set can go if it only holds products like this
9436227371347,bunny-personalised-a4-print-blue,"""Bunny"" Framed, personalised A4 print (blue)",no native builder — still depends on Globo,773230,keep on Globo until a native builder exists
9436227535187,bunny-personalised-a4-print-pink,"""Bunny"" personalised A4 print (pink)",no native builder — still depends on Globo,773237,keep on Globo until a native builder exists
9436231958867,the-perfect-fit-personalised-a4-print,Personalised Wedding A4 Print — The Perfect Fit | Unique Wedding Day Gift UK,no native builder — still depends on Globo,773240,keep on Globo until a native builder exists
9436230484307,love-is-what-happens-when-personalised-a4-print,Personalised Wedding A4 Print — Love Is What Happens When | Unique Wedding Day Gift UK,no native builder — still depends on Globo,773244,keep on Globo until a native builder exists
9436244967763,,,not active (archived/draft/deleted),773285,ignore — set can go if it only holds products like this
9436288778579,,,not active (archived/draft/deleted),773316,ignore — set can go if it only holds products like this
9436289139027,,,not active (archived/draft/deleted),773322,ignore — set can go if it only holds products like this
9436246245715,,,not active (archived/draft/deleted),773336,ignore — set can go if it only holds products like this
9436287959379,,,not active (archived/draft/deleted),773339,ignore — set can go if it only holds products like this
9436287500627,,,not active (archived/draft/deleted),773349,ignore — set can go if it only holds products like this
9436212756819,,,not active (archived/draft/deleted),773355,ignore — set can go if it only holds products like this
9436224749907,,,not active (archived/draft/deleted),773360,ignore — set can go if it only holds products like this
9436217049427,,,not active (archived/draft/deleted),773361,ignore — set can go if it only holds products like this
9436289335635,,,not active (archived/draft/deleted),773363,ignore — set can go if it only holds products like this
9436212527443,,,not active (archived/draft/deleted),773366,ignore — set can go if it only holds products like this
9436262924627,,,not active (archived/draft/deleted),773417,ignore — set can go if it only holds products like this
9436270068051,,,not active (archived/draft/deleted),773420,ignore — set can go if it only holds products like this
9436212429139,birthday-blossom-tree-personalised-pebble-picture,Personalised Birthday Pebble Picture Gift — Blossom Tree | Unique Birthday Present UK,native Daisy builder — Globo NOT needed,773423,REMOVE from these option sets
9436230811987,,,not active (archived/draft/deleted),869247,ignore — set can go if it only holds products like this
9436255158611,personalised-my-valentine-street-sign,Personalised Valentine's Day Street Sign Gift — My Valentine | Romantic Gift for Him or Her,native Daisy builder — Globo NOT needed,869247,REMOVE from these option sets
9436246475091,,,not active (archived/draft/deleted),869247,ignore — set can go if it only holds products like this
9436247294291,personalised-always-and-forever-hanging-heart,Personalised Couple Always & Forever Pebble Hanging Heart Gift | Unique Wedding Anniversary Present UK,native Daisy builder — Globo NOT needed,869614,REMOVE from these option sets
9436269936979,personalised-hello-baby-pebble-hanging-heart,Personalised Hello Baby Pebble Hanging Heart Gift,native Daisy builder — Globo NOT needed,869636,REMOVE from these option sets
9436247327059,personalised-always-my-sister-hanging-heart,Personalised 'Always My Sister' Pebble Hanging Heart Gift,native Daisy builder — Globo NOT needed,869747,REMOVE from these option sets
9436247621971,personalised-beach-proposal-pebble-hanging-heart-gift,Personalised 'Beach Proposal' Pebble Hanging Heart Gift,native Daisy builder — Globo NOT needed,870294,REMOVE from these option sets
9436225667411,wise-woman-street-sign,Wise Woman' Street Sign,native Daisy builder — Globo NOT needed,872852,REMOVE from these option sets
9436238676307,family-coastal-adventures-personalised-pebble-picture,Personalised Family Pebble Picture Gift — Coastal Adventures | Unique Family Home Gift UK,no native builder — still depends on Globo,"872876,882679",keep on Globo until a native builder exists
9436233630035,because-of-you-personalised-pebble-picture,Personalised Pebble Picture Gift — Because of You | Sentimental Friendship or Family Gift UK,no native builder — still depends on Globo,872880,keep on Globo until a native builder exists
9436240413011,friendship-is-a-million-little-things-personalised-pebble-picture,Personalised Friendship Pebble Picture Gift — Million Little Things | Best Friend Present UK,no native builder — still depends on Globo,872880,keep on Globo until a native builder exists
9436238610771,family-christmas-tree-personalised-pebble-picture,Personalised Family Christmas Pebble Picture Gift — Christmas Tree | Unique Xmas Decoration Gift UK,no native builder — still depends on Globo,872884,keep on Globo until a native builder exists
9436290089299,when-we-stayed-home-personalised-pebble-picture,Personalised Family Pebble Picture Gift — When We Stayed Home | Unique Keepsake Gift UK,no native builder — still depends on Globo,872890,keep on Globo until a native builder exists
9436245721427,on-your-christening-personalised-pebble-picture,Personalised Christening Pebble Picture Gift — On Your Christening Day | Unique Christening Present UK,native Daisy builder — Globo NOT needed,872908,REMOVE from these option sets
9436239823187,family-wonderland-walk-personalised-pebble-picture,Personalised Family Christmas Pebble Picture Gift — Wonderland Walk | Family Xmas Gift UK,no native builder — still depends on Globo,873048,keep on Globo until a native builder exists
9436240511315,graduation-personalised-pebble-picture,Personalised Graduation Pebble Picture Gift — Unique Graduation or Leaving Present UK,native Daisy builder — Globo NOT needed,873078,REMOVE from these option sets
9436233728339,beside-you-personalised-pebble-artwork,Personalised Couple Pebble Picture Gift — Beside You | Romantic Anniversary Gift UK,native Daisy builder — Globo NOT needed,873562,REMOVE from these option sets
9436242772307,,,not active (archived/draft/deleted),874564,ignore — set can go if it only holds products like this
9436290711891,,,not active (archived/draft/deleted),874567,ignore — set can go if it only holds products like this
9436234809683,,,not active (archived/draft/deleted),880921,ignore — set can go if it only holds products like this
9436232876371,,,not active (archived/draft/deleted),880923,ignore — set can go if it only holds products like this
9436286484819,,,not active (archived/draft/deleted),880925,ignore — set can go if it only holds products like this
9436286976339,,,not active (archived/draft/deleted),880925,ignore — set can go if it only holds products like this
9436286091603,,,not active (archived/draft/deleted),880925,ignore — set can go if it only holds products like this
9436287336787,,,not active (archived/draft/deleted),880928,ignore — set can go if it only holds products like this
9436287172947,,,not active (archived/draft/deleted),880930,ignore — set can go if it only holds products like this
9436253290835,,,not active (archived/draft/deleted),881162,ignore — set can go if it only holds products like this
9436213543251,,,not active (archived/draft/deleted),881165,ignore — set can go if it only holds products like this
9436213772627,,,not active (archived/draft/deleted),881165,ignore — set can go if it only holds products like this
9436214100307,,,not active (archived/draft/deleted),881165,ignore — set can go if it only holds products like this
9436216361299,,,not active (archived/draft/deleted),881165,ignore — set can go if it only holds products like this
9436218032467,,,not active (archived/draft/deleted),881165,ignore — set can go if it only holds products like this
9436221669715,,,not active (archived/draft/deleted),881165,ignore — set can go if it only holds products like this
9436224487763,,,not active (archived/draft/deleted),881165,ignore — set can go if it only holds products like this
9436224553299,,,not active (archived/draft/deleted),881165,ignore — set can go if it only holds products like this
9436224913747,,,not active (archived/draft/deleted),881165,ignore — set can go if it only holds products like this
9436225372499,,,not active (archived/draft/deleted),881165,ignore — set can go if it only holds products like this
9436241297747,,,not active (archived/draft/deleted),881165,ignore — set can go if it only holds products like this
9702091096403,personalised-1st-mothers-day-street-sign-gift-copy,Personalised 1st Mother's Day Street Sign Gift — First Mother's Day Present for New Mum,native Daisy builder — Globo NOT needed,881772,REMOVE from these option sets
9436247458131,personalised-anniversary-pebble-people-hanging-heart,Personalised 'Anniversary' Pebble People Hanging Heart Gift,native Daisy builder — Globo NOT needed,882049,REMOVE from these option sets
9436239659347,family-swing-personalised-pebble-picture,Personalised Family Pebble Picture Gift — Family Swing | Unique Family Home Present UK,native Daisy builder — Globo NOT needed,882600,REMOVE from these option sets
9683084607827,family-love-at-christmas-personalised-pebble-picture-gift,Personalised Family Christmas Pebble Picture Gift — Love At Christmas | Unique Xmas Gift UK,no native builder — still depends on Globo,882600,keep on Globo until a native builder exists
9436238152019,family-flutterby-blossom-tree-personalised-pebble-picture-copy,Personalised Family Pebble Picture Gift — Flutterby Blossom Tree | Unique Family Home Gift UK,native Daisy builder — Globo NOT needed,882600,REMOVE from these option sets
9705618571603,family-blossom-tree-personalised-pebble-picture-gift-2,Family Blossom Tree Personalised Pebble Picture Gift,native Daisy builder — Globo NOT needed,882600,REMOVE from these option sets
9436253978963,,,not active (archived/draft/deleted),882638,ignore — set can go if it only holds products like this
9436240642387,grandparent-flutterby-blossom-tree-personalised-pebble-picture,Personalised Grandparent Pebble Picture Gift — Flutterby Blossom Tree | Nan Grandad Present UK,native Daisy builder — Globo NOT needed,882645,REMOVE from these option sets
9436240871763,grandparent-personalised-pebble-sketch-picture,Personalised Grandparent Pebble Sketch Picture Gift — Unique Nan Grandad Birthday Present UK,native Daisy builder — Globo NOT needed,882645,REMOVE from these option sets
9436243624275,mum-flutterby-blossom-tree-personalised-pebble-picture,Personalised Mum Pebble Picture Gift — Flutterby Blossom Tree | Mum Birthday Mother's Day Present UK,native Daisy builder — Globo NOT needed,882645,REMOVE from these option sets
9436243755347,mum-personalised-pebble-sketch-picture,Personalised Mum Grandparent Pebble Picture Gift — Unique Mum Nan Birthday Present UK,native Daisy builder — Globo NOT needed,882645,REMOVE from these option sets
9436238545235,family-caravan-holidays-personalised-pebble-picture,Personalised Family Pebble Picture Gift — Family Caravan | Unique Family Holiday Gift UK,no native builder — still depends on Globo,882651,keep on Globo until a native builder exists
9436288647507,the-climb-personalised-pebble-picture,Personalised Pebble Picture Gift — The Climb | Unique Achievement or Milestone Present UK,no native builder — still depends on Globo,882659,keep on Globo until a native builder exists
9436233466195,beach-wedding-personalised-pebble-picture,Personalised Wedding Pebble Picture Gift — Beach Wedding | Unique Wedding Day Gift UK,native Daisy builder — Globo NOT needed,882712,REMOVE from these option sets
9436289696083,wedding-arch-personalised-pebble-picture,Personalised Wedding Flower Arch Pebble Picture Gift — Unique Wedding Day Present UK,no native builder — still depends on Globo,882712,keep on Globo until a native builder exists
9436289827155,wedding-swing-personalised-pebble-picture,Personalised Wedding Swing Pebble Picture Gift — Unique Wedding Day Gift UK,native Daisy builder — Globo NOT needed,882712,REMOVE from these option sets
9436236677459,dad-grandparent-walk-in-the-park-personalised-pebble-picture,Personalised Dad Grandad Pebble Picture Gift — Walk In The Park | Father's Day Birthday Present UK,no native builder — still depends on Globo,882722,keep on Globo until a native builder exists
9436239692115,family-walk-in-the-park-personalised-pebble-picture,Personalised Family Pebble Picture Gift — Walk In The Park | Unique Family Home Gift UK,native Daisy builder — Globo NOT needed,882722,REMOVE from these option sets
9436244345171,mum-grandparent-walk-in-the-park-personalised-pebble-picture,Personalised Mum Grandparent Pebble Picture Gift — Walk In The Park | Mum Nan Birthday Present UK,no native builder — still depends on Globo,882722,keep on Globo until a native builder exists
9436233302355,always-my-sister-personalised-pebble-picture,Personalised Sister Pebble Picture Gift — Always My Sister | Sister Birthday Present UK,native Daisy builder — Globo NOT needed,882791,REMOVE from these option sets
9436289073491,true-friends-personalised-pebble-picture,Personalised Friendship Pebble Picture Gift — True Friends | Unique Best Friend Present UK,native Daisy builder — Globo NOT needed,882796,REMOVE from these option sets
9436247392595,personalised-true-friends-pebblescape,Personalised Sister Pebblescape Gift — Always My Sister | Sister Birthday or Friendship Gift UK,native Daisy builder — Globo NOT needed,882887,REMOVE from these option sets
9436259975507,personalised-wedding-church-pebblescape,Personalised Wedding Church Pebblescape Gift — Unique Wedding Day Gift UK,no native builder — still depends on Globo,883308,keep on Globo until a native builder exists
9436260073811,personalised-wedding-flower-arch-pebblescape,Personalised Wedding Flower Arch Pebblescape Gift — Unique Wedding Day Gift UK,no native builder — still depends on Globo,883311,keep on Globo until a native builder exists
9436236415315,dad-grandparent-moon-back-personalised-pebble-picture,Personalised Dad Grandad Pebble Picture Gift — Moon & Back | Father's Day Birthday Present UK,no native builder — still depends on Globo,883380,keep on Globo until a native builder exists
9436243919187,mum-grandparent-moon-back-personalised-pebble-picture,Personalised Mum Grandparent Pebble Picture Gift — Moon & Back | Mum Nan Birthday Present UK,no native builder — still depends on Globo,883380,keep on Globo until a native builder exists
9707731681619,family-festive-personalised-pebble-picture-gift-new,Personalised Family Christmas Pebble Picture Gift — Family Festive | Unique Family Xmas Gift UK,no native builder — still depends on Globo,883395,keep on Globo until a native builder exists
9436275409235,,,not active (archived/draft/deleted),883414,ignore — set can go if it only holds products like this
9436252406099,personalised-forever-friends-pebble-hanging-heart,Personalised 'Forever Friends' Pebble Hanging Heart Gift,native Daisy builder — Globo NOT needed,883458,REMOVE from these option sets
9436230746451,mother-a4-print,"""Mother"" A4 Print",no native builder — still depends on Globo,883480,keep on Globo until a native builder exists
9436274032979,,,not active (archived/draft/deleted),883496,ignore — set can go if it only holds products like this
9436241461587,heart-strings-personalised-pebble-artwork,Personalised Couple Pebble Picture Gift — Heart Strings | Romantic Anniversary Gift UK,native Daisy builder — Globo NOT needed,884152,REMOVE from these option sets
9436238479699,family-camping-personalised-pebble-picture,Personalised Family Pebble Picture Gift — Family Camping | Unique Family Adventure Gift UK,no native builder — still depends on Globo,884181,keep on Globo until a native builder exists
9436276982099,personalised-wedding-pebble-people-hanging-heart,Personalised Wedding Pebble People Hanging Heart Gift,native Daisy builder — Globo NOT needed,884260,REMOVE from these option sets
9436271247699,personalised-mr-mrs-christmas-wedding-pebble-people-hanging-heart,Personalised Mr & Mrs Christmas Wedding Pebble People Hanging Heart Gift,native Daisy builder — Globo NOT needed,891409,REMOVE from these option sets
9436250767699,personalised-everything-to-me-pebblescape,Personalised Couple Pebblescape Gift — Everything To Me | Romantic Anniversary Gift UK,native Daisy builder — Globo NOT needed,891620,REMOVE from these option sets
9436251193683,personalised-family-blossom-tree-pebblescape,Personalised Family Pebblescape Gift — Blossom Tree | Unique Family Home Gift UK,native Daisy builder — Globo NOT needed,891629,REMOVE from these option sets
9436251357523,personalised-family-by-the-sea-pebblescape,Personalised Family Pebblescape Gift — By The Sea | Unique Family Home or Holiday Gift UK,native Daisy builder — Globo NOT needed,891636,REMOVE from these option sets
9436252045651,personalised-family-swing-pebblescape,Personalised Family Pebblescape Gift — Family Swing | Unique Family Home Gift UK,native Daisy builder — Globo NOT needed,891645,REMOVE from these option sets
9436253389139,personalised-home-is-our-happy-place-pebblescape,Personalised Home Pebblescape Gift — Home Is Our Happy Place | Unique Housewarming Gift UK,native Daisy builder — Globo NOT needed,891648,REMOVE from these option sets
9436257681747,personalised-true-friends-pebblescape-2,Personalised Friendship Pebblescape Gift — True Friends | Unique Best Friend Present UK,native Daisy builder — Globo NOT needed,891654,REMOVE from these option sets
9436257845587,personalised-walk-in-the-park-pebblescape,Personalised Family Pebblescape Gift — Walk In The Park | Unique Family or Couple Gift UK,no native builder — still depends on Globo,891657,keep on Globo until a native builder exists
9436266824019,personalised-little-moments-pebblescape,Personalised Family Flutterby Pebblescape Gift — Unique Family Home Gift UK,native Daisy builder — Globo NOT needed,891659,REMOVE from these option sets
9436255060307,personalised-my-galentine-street-sign-gift,Personalised Galentine Street Sign Gift — My Galentine | Best Friend Valentine's Day Present,native Daisy builder — Globo NOT needed,891669,REMOVE from these option sets
9436255879507,personalised-our-family-street-sign-mothers-day-gift,Personalised Mother's Day Street Sign Gift — Our Family | Mum Nanny Nan Present UK,native Daisy builder — Globo NOT needed,"891671,1387275",REMOVE from these option sets
9436271870291,,,not active (archived/draft/deleted),891680,ignore — set can go if it only holds products like this
9436247753043,personalised-beach-wedding-pebble-hanging-heart-2,Personalised 'Beach Wedding' Pebble Hanging Heart Gift,native Daisy builder — Globo NOT needed,891696,REMOVE from these option sets
9683167445331,personalised-love-at-christmas-christmas-wedding-pebble-heart-hanging-decoration,Personalised 'Love at Christmas' Christmas Wedding Pebble Heart Hanging Decoration,native Daisy builder — Globo NOT needed,891699,REMOVE from these option sets
9436253126995,personalised-grandparent-christmas-fireplace-candle-decoration,Personalised Grandparent Christmas Fireplace Candle Decoration — Unique Xmas Gift for Nan Grandad UK,no native builder — still depends on Globo,891706,keep on Globo until a native builder exists
9436256567635,personalised-retirement-street-sign-gift,Personalised Retirement Street Sign Gift — Unique Retirement or Leaving Present UK,native Daisy builder — Globo NOT needed,892324,REMOVE from these option sets
9436226322771,yes-day-personalised-street-sign,Personalised Engagement Street Sign Gift — Yes Day | Newly Engaged Couple Present UK,native Daisy builder — Globo NOT needed,892326,REMOVE from these option sets
9436261712211,personalised-hocus-pocus-street-sign,Personalised Halloween Street Sign Gift — Hocus Pocus | Halloween Home Decoration,no native builder — still depends on Globo,892396,keep on Globo until a native builder exists
9436262367571,personalised-our-1st-christmas-together-hanging-heart,"Personalised ""Our 1st Christmas Together"" Hanging Heart",native Daisy builder — Globo NOT needed,892399,REMOVE from these option sets
9436257419603,personalised-trick-or-treat-halloween-street-sign,Personalised Halloween Street Sign Gift — Trick or Treat | Halloween Decoration Present,no native builder — still depends on Globo,892401,keep on Globo until a native builder exists
9436229140819,,,not active (archived/draft/deleted),892428,ignore — set can go if it only holds products like this
9436229304659,grandparent-garden-personalised-street-sign,Personalised Grandparent Gift Street Sign — Garden Sign for Nan & Grandad | Personalised Present,native Daisy builder — Globo NOT needed,892429,REMOVE from these option sets
9436229108051,first-christmas-as-nanny-grandad-to-personalised-pebble-hanging-heart,"""First Christmas As Nanny & Grandad to...."" Personalised Pebble Hanging Heart",native Daisy builder — Globo NOT needed,892436,REMOVE from these option sets
9436275704147,personalised-thank-you-pebble-people-hanging-heart,Personalised Thank You Teacher Pebble People Hanging Heart Gift — Unique End of Year Present UK,native Daisy builder — Globo NOT needed,892437,REMOVE from these option sets
9436271280467,personalised-mum-pebble-hanging-heart,Personalised Mum Pebble Hanging Heart Gift,native Daisy builder — Globo NOT needed,892445,REMOVE from these option sets
9436273344851,personalised-sister-pebble-hanging-heart,Personalised Sister Pebble Hanging Heart Gift,native Daisy builder — Globo NOT needed,892447,REMOVE from these option sets
9436229501267,,,not active (archived/draft/deleted),892522,ignore — set can go if it only holds products like this
9436229697875,home-personalised-street-sign,Personalised Street Sign Gift — Home | New Home Housewarming or Moving Present UK,native Daisy builder — Globo NOT needed,892527,REMOVE from these option sets
9436229796179,house-rules-personalised-street-sign,Personalised Family House Rules Street Sign Gift — Unique Home or Family Present UK,native Daisy builder — Globo NOT needed,892532,REMOVE from these option sets
9436269150547,personalised-friendship-pebble-hanging-heart,Personalised Friendship Pebble Hanging Heart Gift,native Daisy builder — Globo NOT needed,892535,REMOVE from these option sets
9436229992787,im-sexy-i-mow-it-personalised-street-sign-2,Personalised Funny Garden Street Sign Gift — I'm Sexy & I Mow It | Dad or Gardener Present,native Daisy builder — Globo NOT needed,892544,REMOVE from these option sets
9436230418771,kitchen-personalised-street-sign,Personalised Street Sign Gift — Create Your Own Custom Text | Unique Personalised Present UK,native Daisy builder — Globo NOT needed,892545,REMOVE from these option sets
9436230615379,,,not active (archived/draft/deleted),892547,ignore — set can go if it only holds products like this
9436215378259,,,not active (archived/draft/deleted),892602,ignore — set can go if it only holds products like this
9436218425683,,,not active (archived/draft/deleted),892603,ignore — set can go if it only holds products like this
9436283863379,,,not active (archived/draft/deleted),892604,ignore — set can go if it only holds products like this
9436290515283,,,not active (archived/draft/deleted),892605,ignore — set can go if it only holds products like this
9436233892179,,,not active (archived/draft/deleted),892721,ignore — set can go if it only holds products like this
9436216131923,,,not active (archived/draft/deleted),903206,ignore — set can go if it only holds products like this
9436249653587,personalised-deck-garden-sign-copy,Personalised 'Deck' Garden Sign Gift,no native builder — still depends on Globo,903255,keep on Globo until a native builder exists
9436256043347,personalised-patio-bar-garden-sign,Personalised 'Patio Bar' Garden Sign Gift,no native builder — still depends on Globo,903260,keep on Globo until a native builder exists
9436256108883,personalised-pool-side-garden-sign,Personalised 'Pool Side' Garden Sign Gift,no native builder — still depends on Globo,903263,keep on Globo until a native builder exists
9436265939283,personalised-dad-beer-garden-hanging-sign,Personalised Dad 'Beer Garden' Hanging Sign Gift,no native builder — still depends on Globo,903270,keep on Globo until a native builder exists
9436252799315,personalised-garden-hanging-sign,Personalised 'Garden' Hanging Sign Gift,no native builder — still depends on Globo,903315,keep on Globo until a native builder exists
9436253585747,personalised-hot-tub-hanging-sign,Personalised 'Hot Tub' Hanging Sign Gift,no native builder — still depends on Globo,903319,keep on Globo until a native builder exists
9436256764243,personalised-shed-man-cave-hanging-sign,Personalised 'Shed/Man Cave' Hanging Sign Gift,no native builder — still depends on Globo,903324,keep on Globo until a native builder exists
9436288057683,70th-birthday-personalised-oak-veneer-bottle-opener,"Special 'Birthday' Personalised, Oak Veneer Bottle Opener Gift",no native builder — still depends on Globo,903332,keep on Globo until a native builder exists
9436263514451,personalised-caution-genius-at-work-door-hanger,Personalised CAUTION 'Genius At Work' Door Hanger Gift,no native builder — still depends on Globo,903350,keep on Globo until a native builder exists
9436263678291,,,not active (archived/draft/deleted),903353,ignore — set can go if it only holds products like this
9436263776595,,,not active (archived/draft/deleted),903357,ignore — set can go if it only holds products like this
9436264137043,personalised-caution-loud-music-door-hanger,Personalised CAUTION 'Loud Music' Door Hanger Gift,no native builder — still depends on Globo,903359,keep on Globo until a native builder exists
9436264169811,,,not active (archived/draft/deleted),903363,ignore — set can go if it only holds products like this
9436263481683,,,not active (archived/draft/deleted),903367,ignore — set can go if it only holds products like this
9436263612755,,,not active (archived/draft/deleted),903368,ignore — set can go if it only holds products like this
9436252897619,,,not active (archived/draft/deleted),903378,ignore — set can go if it only holds products like this
9436273410387,personalised-star-teacher-keyring,Personalised Star Teacher Keyring Gift — Unique End of Year Thank You Teacher Present UK,no native builder — still depends on Globo,903389,keep on Globo until a native builder exists
9436267217235,personalised-teacher-teaching-assistant-star-poem-hanging-heart,Personalised Teacher Floral Poem Hanging Heart Gift — Unique End of Year Thank You Present UK,no native builder — still depends on Globo,903394,keep on Globo until a native builder exists
9436275573075,single-personalised-teacher-teaching-assistant-hanging-heart-poem,Personalised Teacher Teaching Assistant Hanging Heart Poem Gift — Unique End of Year Present UK,no native builder — still depends on Globo,903398,keep on Globo until a native builder exists
9436261843283,personalised-merry-bright-family-christmas-pebble-hanging-decoration,"Personalised ""Merry & Bright"" Family Christmas Pebble Hanging Decoration",no native builder — still depends on Globo,903420,keep on Globo until a native builder exists
9436228976979,first-christmas-as-mummy-daddy-to-personalised-pebble-hanging-heart,"""First Christmas As Mummy & Daddy to...."" Personalised Pebble Hanging Heart",native Daisy builder — Globo NOT needed,903474,REMOVE from these option sets
9436261024083,personalised-dog-remembrance-christmas-tree-decoration-pebble-hanging-heart,"Personalised ""Pet Remembrance"" Christmas Pebble Hanging Heart Gift",native Daisy builder — Globo NOT needed,903511,REMOVE from these option sets
9436272886099,personalised-pets-1st-christmas-pebble-hanging-heart,Personalised Pet's 1st Christmas Pebble Hanging Heart,native Daisy builder — Globo NOT needed,903514,REMOVE from these option sets
9436250898771,personalised-family-blossom-tree-pebble-hanging-heart,Personalised 'Family Blossom Tree' Pebble Hanging Heart Gift,native Daisy builder — Globo NOT needed,903519,REMOVE from these option sets
9683125469523,personalised-love-at-christmas-christmas-family-pebble-heart-hanging-decoration,Personalised 'Love at Christmas' Christmas Family Pebble Heart Hanging Decoration,native Daisy builder — Globo NOT needed,903522,REMOVE from these option sets
9436260139347,personalised-wedding-love-tree-pebble-hanging-heart-copy,Personalised 'Wedding Love Tree' Pebble Hanging Heart Gift,native Daisy builder — Globo NOT needed,903529,REMOVE from these option sets
9683146342739,personalised-engagement-pebble-hanging-heart-gift-copy,Personalised 'Love at Christmas' Engagement/Proposal Christmas Pebble Heart Hanging Decoration,native Daisy builder — Globo NOT needed,903531,REMOVE from these option sets
9436269216083,personalised-golden-wedding-anniversary-pebble-people-hanging-heart,Personalised Golden Wedding Anniversary Pebble People Hanging Heart Gift,native Daisy builder — Globo NOT needed,903538,REMOVE from these option sets
9436273017171,personalised-ruby-wedding-anniversary-pebble-people-hanging-heart,Personalised Ruby Wedding Anniversary Pebble People Hanging Heart Gift,native Daisy builder — Globo NOT needed,903539,REMOVE from these option sets
9436273246547,personalised-silver-wedding-anniversary-pebble-people-hanging-heart,Personalised Silver Wedding Anniversary Pebble People Hanging Heart Gift,native Daisy builder — Globo NOT needed,903544,REMOVE from these option sets
9771522294099,,,not active (archived/draft/deleted),952360,ignore — set can go if it only holds products like this
9780592771411,,,not active (archived/draft/deleted),960669,ignore — set can go if it only holds products like this
9780626456915,,,not active (archived/draft/deleted),960683,ignore — set can go if it only holds products like this
9707965776211,personalised-teacher-pebble-people-hanging-heart-gift-new,Personalised Teacher Pebble People Hanging Heart Gift — Unique End of Year Teacher Present UK,native Daisy builder — Globo NOT needed,984827,REMOVE from these option sets
9805517259091,personalised-mothers-day-heart,Personalised Mother's Day Hanging Heart,no native builder — still depends on Globo,991479,keep on Globo until a native builder exists
9807393620307,personalised-mothers-day-bookmark,Personalised Mother's Day Bookmark,no native builder — still depends on Globo,992347,keep on Globo until a native builder exists
9818274267475,,,not active (archived/draft/deleted),1001069,ignore — set can go if it only holds products like this
9836475449683,,,not active (archived/draft/deleted),1012034,ignore — set can go if it only holds products like this
9848268489043,,,not active (archived/draft/deleted),1015664,ignore — set can go if it only holds products like this
9849984254291,,,not active (archived/draft/deleted),1017129,ignore — set can go if it only holds products like this
9858128675155,personalised-family-acrylic-weekly-wall-planner-gift-copy,Personalised Family Acrylic Weekly Wall Planner Gift,no native builder — still depends on Globo,1022116,keep on Globo until a native builder exists
9860800053587,youre-the-best-pebble-picture,You're the best Pebble Picture,no native builder — still depends on Globo,1030492,keep on Globo until a native builder exists
9860754145619,remembrance-pebble-picture,Remembrance Pebble Picture,no native builder — still depends on Globo,1030492,keep on Globo until a native builder exists
9860774691155,anniversary-pebble-picture,Anniversary Pebble Picture,no native builder — still depends on Globo,1030492,keep on Globo until a native builder exists
9860776722771,believe-in-yourself-pebble-picture,Believe in yourself Pebble Picture,no native builder — still depends on Globo,1030492,keep on Globo until a native builder exists
9860766564691,engagement-pebble-picture,Engagement Pebble Picture,no native builder — still depends on Globo,1030492,keep on Globo until a native builder exists
9860780360019,friendship-pebble-picture,Friendship Pebble Picture,no native builder — still depends on Globo,1030492,keep on Globo until a native builder exists
9859543171411,good-friends-pebble-picture,Good Friends Pebble Picture,no native builder — still depends on Globo,1030492,keep on Globo until a native builder exists
9859545432403,wedding-pebble-picture,Wedding Pebble Picture,no native builder — still depends on Globo,1030527,keep on Globo until a native builder exists
9860781441363,birthday-pebble-picture,Birthday Pebble Picture,no native builder — still depends on Globo,1030529,keep on Globo until a native builder exists
9859662184787,new-baby-pebble-picture,New Baby Pebble Picture,no native builder — still depends on Globo,1030531,keep on Globo until a native builder exists
9897567617363,,,not active (archived/draft/deleted),1054477,ignore — set can go if it only holds products like this
9897574302035,,,not active (archived/draft/deleted),1054481,ignore — set can go if it only holds products like this
9920176849235,,,not active (archived/draft/deleted),1072739,ignore — set can go if it only holds products like this
9926911623507,,,not active (archived/draft/deleted),1076275,ignore — set can go if it only holds products like this
9954253635923,,,not active (archived/draft/deleted),1087953,ignore — set can go if it only holds products like this
9860777345363,teacher-pebble-picture,Personalised Teacher Pebble Picture Gift — Unique End of Year Thank You Teacher Present UK,no native builder — still depends on Globo,1088441,keep on Globo until a native builder exists
9955957768531,,,not active (archived/draft/deleted),1088470,ignore — set can go if it only holds products like this
9956094280019,personalised-teacher-pebble-picture,Personalised Teacher Pebble Picture Bundle — Unique End of Year Thank You Gift UK,no native builder — still depends on Globo,1088534,keep on Globo until a native builder exists
9956340302163,personalised-teacher-street-sign-bundle,Personalised Teacher Street Sign Gift Bundle — End of Term | Thank You Teacher Present UK,no native builder — still depends on Globo,1088566,keep on Globo until a native builder exists
9956472521043,,,not active (archived/draft/deleted),1088680,ignore — set can go if it only holds products like this
9956444373331,personalised-teacher-street-sign,Personalised Teacher Street Sign Gift — End of Year | Thank You Teacher Present UK,native Daisy builder — Globo NOT needed,1089992,REMOVE from these option sets
9747229016403,,,not active (archived/draft/deleted),"1091055,1155333",ignore — set can go if it only holds products like this
9747226034515,porcelain-handled-tea-light-holder-you-are-my-sunshine-1,Porcelain Handled Tea Light Holder – You are my sunshine,no native builder — still depends on Globo,"1091055,1155333",keep on Globo until a native builder exists
9747218334035,,,not active (archived/draft/deleted),"1091055,1155333",ignore — set can go if it only holds products like this
9961762193747,,,not active (archived/draft/deleted),1092054,ignore — set can go if it only holds products like this
9961936879955,porcelain-enjoy-the-little-things-pebble,Porcelain 'Enjoy the little things' Pebble,no native builder — still depends on Globo,1092427,keep on Globo until a native builder exists
9961949266259,porcelain-you-rae-pebble,Porcelain 'You are loved ' Pebble,no native builder — still depends on Globo,1092427,keep on Globo until a native builder exists
9961933308243,porcelain-you-can-do-it-pebble,Porcelain 'You can do it' Pebble,no native builder — still depends on Globo,1092427,keep on Globo until a native builder exists
9960692023635,porcelain-believe-in-yourself-flower,Porcelain ‘Believe in yourself’ flower,no native builder — still depends on Globo,1092427,keep on Globo until a native builder exists
9961962570067,porcelain-everything-is-going-to-be-fine-cloud,Porcelain ‘Everything is going to be fine' Cloud Token,no native builder — still depends on Globo,1092427,keep on Globo until a native builder exists
9960739242323,untitled-jun16_16-55,Teacher Porcelain Follow Your Dreams Cloud Token — Unique End of Year Thank You Gift UK,no native builder — still depends on Globo,1092427,keep on Globo until a native builder exists
9961740599635,porcelain-great-adventures-await-pebble,Porcelain ‘Great Adventures await’ pebble,no native builder — still depends on Globo,1092427,keep on Globo until a native builder exists
9961716908371,porcelain-it-s-written-in-the-stars-star-token,Teacher Porcelain Written In The Stars Token — Unique End of Year Thank You Gift UK,no native builder — still depends on Globo,1092427,keep on Globo until a native builder exists
9961960112467,porcelain-the-skys-the-limit-cloud,Teacher Porcelain Sky's The Limit Cloud Token — Unique End of Year Thank You Gift UK,no native builder — still depends on Globo,1092427,keep on Globo until a native builder exists
9956478452051,personalised-teacher-pebble-picture-1,Personalised Thank You Teacher Pebble Picture Gift — Unique End of Year Present UK,no native builder — still depends on Globo,1093712,keep on Globo until a native builder exists
9702132711763,mr-mrs-personalised-street-sign-gift,Personalised Mr & Mrs Street Sign Gift — Wedding Anniversary or Couple Present UK,native Daisy builder — Globo NOT needed,1094165,REMOVE from these option sets
9969774330195,5-95-incredible-offer-keyring-copy,Personalised Mr & Mrs Wedding Keyring | Unique Wedding or Newlywed Gift UK,no native builder — still depends on Globo,1095197,keep on Globo until a native builder exists
9971846938963,,,not active (archived/draft/deleted),1096591,ignore — set can go if it only holds products like this
10001120264531,,,not active (archived/draft/deleted),1150941,ignore — set can go if it only holds products like this
10001115349331,,,not active (archived/draft/deleted),1150941,ignore — set can go if it only holds products like this
9436281962835,porcelain-matchbox-message-star-thanks-teacher,Personalised Teacher Porcelain Matchbox Star — Thanks Teacher | Unique End of Year Thank You Gift UK,no native builder — still depends on Globo,1150941,keep on Globo until a native builder exists
9436280947027,porcelain-matchbox-little-guardian-angel,Porcelain Matchbox - Little Guardian Angel,no native builder — still depends on Globo,1150941,keep on Globo until a native builder exists
9747193364819,,,not active (archived/draft/deleted),1150941,ignore — set can go if it only holds products like this
9966844641619,,,not active (archived/draft/deleted),1150941,ignore — set can go if it only holds products like this
9436281864531,porcelain-matchbox-penguin-flipping-love-you,Porcelain Matchbox Message Penguin - Flipping love you,no native builder — still depends on Globo,1150941,keep on Globo until a native builder exists
9436281798995,porcelain-matchbox-giraffe-daddy,Porcelain Matchbox Message Giraffe - Daddy,no native builder — still depends on Globo,1150941,keep on Globo until a native builder exists
10001135567187,,,not active (archived/draft/deleted),1150941,ignore — set can go if it only holds products like this
9747196903763,,,not active (archived/draft/deleted),1150941,ignore — set can go if it only holds products like this
10001126850899,matchbox-message-incense-cone-you-are-lovely,Teacher Matchbox Message Incense Cone — You Are Amazing | Unique End of Year Thank You Gift UK,no native builder — still depends on Globo,1150941,keep on Globo until a native builder exists
9747214139731,,,not active (archived/draft/deleted),1155172,ignore — set can go if it only holds products like this
9747213123923,,,not active (archived/draft/deleted),1155181,ignore — set can go if it only holds products like this
9747223970131,porcelain-handled-tea-light-holder-with-much-love,Porcelain Handled Tea Light Holder – With much love,native Daisy builder — Globo NOT needed,1155185,REMOVE from these option sets
9683326697811,,,not active (archived/draft/deleted),1155185,ignore — set can go if it only holds products like this
9747233046867,,,not active (archived/draft/deleted),1155191,ignore — set can go if it only holds products like this
9436281340243,porcelain-matchbox-dog-never-walk-alone,Porcelain Matchbox Message Dog - Never walk alone,no native builder — still depends on Globo,1155191,keep on Globo until a native builder exists
9436281405779,porcelain-matchbox-elephant-you-are-loved,Porcelain Matchbox Message Elephant - You are loved,no native builder — still depends on Globo,1155191,keep on Globo until a native builder exists
9436281078099,porcelain-matchbox-message-bear-big-bear-hug,Porcelain Matchbox Message Bear - Big bear hug,no native builder — still depends on Globo,1155191,keep on Globo until a native builder exists
9747199820115,,,not active (archived/draft/deleted),1155194,ignore — set can go if it only holds products like this
9747211256147,porcelain-matchbox-message-seal-sealed-with-a-kiss,Porcelain Matchbox Message Seal – Sealed with a kiss,no native builder — still depends on Globo,1155194,keep on Globo until a native builder exists
10011612086611,wedding-order-of-the-day-board,Personalised Wedding Order of the Day — Riviera Style | Wedding Reception Stationery UK,native Daisy builder — Globo NOT needed,"1156040,1182233",REMOVE from these option sets
10011583218003,wedding-welcome-board,Personalised Wedding Welcome Board — Riviera Style | Wedding Reception Sign & Venue Decoration,no native builder — still depends on Globo,"1156041,1182160",keep on Globo until a native builder exists
10011784610131,wedding-table-numbers,Personalised A5 Wedding Table Names & Numbers — Riviera Style | Wedding Stationery UK,no native builder — still depends on Globo,"1156058,1182281",keep on Globo until a native builder exists
10011600126291,wedding-table-plan-board,Personalised Wedding Table Plan — Riviera Style | Wedding Reception Seating Chart UK,no native builder — still depends on Globo,"1156087,1182251",keep on Globo until a native builder exists
10018999730515,tuscany-wedding-order-of-the-day-board,Personalised Wedding Order of the Day — Tuscany Style | Wedding Reception Stationery UK,native Daisy builder — Globo NOT needed,"1167032,1181692",REMOVE from these option sets
10018976563539,tuscany-wedding-welcome-board,Personalised Wedding Welcome Board — Tuscany Style | Wedding Reception Sign & Venue Decoration,no native builder — still depends on Globo,"1167034,1178638",keep on Globo until a native builder exists
10018999107923,tuscany-wedding-table-plan-board,Personalised Wedding Table Plan — Tuscany Style | Wedding Reception Seating Chart UK,no native builder — still depends on Globo,"1167039,1181697",keep on Globo until a native builder exists
10019002155347,tuscany-a5-wedding-table-names-numbers,Personalised A5 Wedding Table Names & Numbers — Tuscany Style | Wedding Stationery UK,no native builder — still depends on Globo,"1167062,1181804",keep on Globo until a native builder exists
9436227043667,,,not active (archived/draft/deleted),1167875,ignore — set can go if it only holds products like this
10020195205459,riviera-wedding-featuring-the-groom-board,Personalised Wedding Featuring the Groom Board — Riviera Style | Wedding Reception Sign UK,no native builder — still depends on Globo,"1168027,1182255",keep on Globo until a native builder exists
10020209885523,tuscany-gifts-cards,Personalised Wedding Gifts & Cards Sign — Tuscany Style | Wedding Reception Décor UK,no native builder — still depends on Globo,1168051,keep on Globo until a native builder exists
10020220109139,riviera-gifts-cards,Personalised Wedding Gifts & Cards Sign — Riviera Style | Wedding Reception Décor UK,no native builder — still depends on Globo,1168058,keep on Globo until a native builder exists
10019957342547,tuscany-wedding-welcome-board-copy,Personalised Wedding Featuring the Groom Board — Tuscany Style | Wedding Reception Sign UK,no native builder — still depends on Globo,1182264,keep on Globo until a native builder exists
10043874378067,,,not active (archived/draft/deleted),1182315,ignore — set can go if it only holds products like this
10043874967891,,,not active (archived/draft/deleted),1182327,ignore — set can go if it only holds products like this
10043876049235,,,not active (archived/draft/deleted),1182331,ignore — set can go if it only holds products like this
10043876901203,,,not active (archived/draft/deleted),1182335,ignore — set can go if it only holds products like this
10043876409683,,,not active (archived/draft/deleted),1182349,ignore — set can go if it only holds products like this
10043833024851,wonderland-wedding-welcome-board,Personalised Wedding Welcome Board — Wonderland Style | Wedding Reception Sign & Venue Decoration,Globo helper/add-on product,1182354,keep product (orders reference it); irrelevant to page removal
10043868283219,wonderland-wedding-order-of-the-day-board,Personalised Wedding Order of the Day — Wonderland Style | Wedding Reception Stationery UK,Globo helper/add-on product,1182358,keep product (orders reference it); irrelevant to page removal
10043870052691,wonderland-wedding-table-plan,Personalised Wedding Table Plan — Wonderland Style | Wedding Reception Seating Chart UK,Globo helper/add-on product,1182366,keep product (orders reference it); irrelevant to page removal
10043873198419,wonderland-a5-wedding-table-names-numbers,Personalised A5 Wedding Table Names & Numbers — Wonderland Style | Wedding Stationery UK,Globo helper/add-on product,1182380,keep product (orders reference it); irrelevant to page removal
10043871887699,wonderland-wedding-featuring-the-groom-board,Personalised Wedding Featuring the Groom Board — Wonderland Style | Wedding Reception Sign UK,Globo helper/add-on product,1182385,keep product (orders reference it); irrelevant to page removal
10043872706899,wonderland-gifts-cards,Personalised Wedding Gifts & Cards Sign — Wonderland Style | Wedding Reception Décor UK,Globo helper/add-on product,1183653,keep product (orders reference it); irrelevant to page removal
10043876737363,,,not active (archived/draft/deleted),1183653,ignore — set can go if it only holds products like this
10051787718995,,,not active (archived/draft/deleted),1186847,ignore — set can go if it only holds products like this
10052790288723,,,not active (archived/draft/deleted),1186848,ignore — set can go if it only holds products like this
10054789792083,spooky-kooky-sign,Personalised Halloween Street Sign Gift — Spooky Kooky | Funny Halloween Home Decoration,native Daisy builder — Globo NOT needed,1186861,REMOVE from these option sets
10051788505427,,,not active (archived/draft/deleted),1186954,ignore — set can go if it only holds products like this
10051788439891,,,not active (archived/draft/deleted),1186965,ignore — set can go if it only holds products like this
10054873022803,personalised-create-your-own-usa-road-sign,Personalised USA Street Sign Gift — Create Your Own Custom Road Sign | American Style Present,native Daisy builder — Globo NOT needed,1187430,REMOVE from these option sets
10055407796563,,,not active (archived/draft/deleted),1187443,ignore — set can go if it only holds products like this
10055406846291,,,not active (archived/draft/deleted),1187443,ignore — set can go if it only holds products like this
10055405306195,,,not active (archived/draft/deleted),1187443,ignore — set can go if it only holds products like this
10055411401043,,,not active (archived/draft/deleted),1187443,ignore — set can go if it only holds products like this
10055412285779,,,not active (archived/draft/deleted),1187443,ignore — set can go if it only holds products like this
10055405797715,,,not active (archived/draft/deleted),1187443,ignore — set can go if it only holds products like this
10055410843987,,,not active (archived/draft/deleted),1187443,ignore — set can go if it only holds products like this
10055407272275,,,not active (archived/draft/deleted),1187443,ignore — set can go if it only holds products like this
10093071597907,personalised-holiday-usa-style-street-sign,Personalised Holiday Street Sign Gift — Custom Destination Sign | Unique Travel or Holiday Present,native Daisy builder — Globo NOT needed,1196844,REMOVE from these option sets
10115134816595,,,not active (archived/draft/deleted),1208289,ignore — set can go if it only holds products like this
10115140550995,,,not active (archived/draft/deleted),1208342,ignore — set can go if it only holds products like this
9436258402643,personalised-watercolour-flower-dont-just-live-bloom-a4-print-copy,Personalised 'Watercolour Flower Don't Just Live...Bloom!' A4 Print,no native builder — still depends on Globo,1242452,keep on Globo until a native builder exists
9436259221843,personalised-watercolour-flower-new-baby-a4-print,Personalised 'Watercolour Flower New Baby' A4 Print,no native builder — still depends on Globo,1242452,keep on Globo until a native builder exists
9436259451219,personalised-watercolour-flower-special-birthday-a4-print,Personalised 'Watercolour Flower Special Birthday!' A4 Print,no native builder — still depends on Globo,1242452,keep on Globo until a native builder exists
9436259844435,personalised-watercolour-flower-teacher-a4-print,Personalised Teacher Watercolour Flower A4 Print — Unique End of Year Thank You Gift UK,no native builder — still depends on Globo,1242452,keep on Globo until a native builder exists
10228306739539,engagement-pebble-picture-copy,Personalised New home Pebble Picture,no native builder — still depends on Globo,1268509,keep on Globo until a native builder exists
10228360282451,new-home-mini-pebble-pic-copy,Personalised Family Pebble Picture,no native builder — still depends on Globo,1268544,keep on Globo until a native builder exists
10228385710419,personalised-couple-pebble-picture,Personalised Couple Pebble Picture,no native builder — still depends on Globo,1268566,keep on Globo until a native builder exists
10228384989523,personalised-grandchildren-pebble-picture,Personalised Grandchildren Pebble Picture,no native builder — still depends on Globo,1268576,keep on Globo until a native builder exists
10228411040083,,,not active (archived/draft/deleted),1268595,ignore — set can go if it only holds products like this
10426355056979,personalised-street-sign-gift,Personalised Mother's Day Street Sign Gift for Mum or Nanny — Personalised Mum Present UK,native Daisy builder — Globo NOT needed,1395520,REMOVE from these option sets
9436232483155,braver-than-you-believe-personalised-framed-a4-print,Braver Than You Believe personalised A4 print,no native builder — still depends on Globo,1454088,keep on Globo until a native builder exists
10588182741331,personalised-number-plate-sign-gift,Personalised Number Plate Sign Gift,native Daisy builder — Globo NOT needed,1479929,REMOVE from these option sets
10602280878419,personalised-laser-cut-acrylic-bbq-grill-sign-gift-copy,Personalised Laser Cut BBQ Sign,native Daisy builder — Globo NOT needed,1487823,REMOVE from these option sets
9436249325907,personalised-dad-number-plate-keyring,Personalised 'Dad' Number Plate Keyring Gift,no native builder — still depends on Globo,1515284,keep on Globo until a native builder exists
